-- phpMyAdmin SQL Dump
-- version 4.7.0
-- https://www.phpmyadmin.net/
--
-- Host: localhost
-- Generation Time: Feb 21, 2021 at 01:32 AM
-- Server version: 10.1.25-MariaDB
-- PHP Version: 5.6.31

SET SQL_MODE = "NO_AUTO_VALUE_ON_ZERO";
SET AUTOCOMMIT = 0;
START TRANSACTION;
SET time_zone = "+00:00";


/*!40101 SET @OLD_CHARACTER_SET_CLIENT=@@CHARACTER_SET_CLIENT */;
/*!40101 SET @OLD_CHARACTER_SET_RESULTS=@@CHARACTER_SET_RESULTS */;
/*!40101 SET @OLD_COLLATION_CONNECTION=@@COLLATION_CONNECTION */;
/*!40101 SET NAMES utf8mb4 */;

--
-- Database: `carmela_service_center`
--

-- --------------------------------------------------------

--
-- Table structure for table `tbl_admin_login`
--

CREATE TABLE `tbl_admin_login` (
  `admin_id` int(5) NOT NULL,
  `email` varchar(100) NOT NULL,
  `password` varchar(3000) NOT NULL,
  `last_login` datetime NOT NULL,
  `profile_pic` varchar(100) NOT NULL
) ENGINE=InnoDB DEFAULT CHARSET=latin1;

--
-- Dumping data for table `tbl_admin_login`
--

INSERT INTO `tbl_admin_login` (`admin_id`, `email`, `password`, `last_login`, `profile_pic`) VALUES
(1, 'carhouse2k18@gmail.com', '123456', '2018-04-21 12:45:12', 'assets/images/profile/admin.jpg');

-- --------------------------------------------------------

--
-- Table structure for table `tbl_attribute`
--

CREATE TABLE `tbl_attribute` (
  `attribute_id` int(5) NOT NULL,
  `set_id` int(5) NOT NULL,
  `attribute_name` varchar(100) NOT NULL,
  `attribute_type` varchar(20) NOT NULL,
  `attribute_value` varchar(200) NOT NULL
) ENGINE=InnoDB DEFAULT CHARSET=latin1;

--
-- Dumping data for table `tbl_attribute`
--

INSERT INTO `tbl_attribute` (`attribute_id`, `set_id`, `attribute_name`, `attribute_type`, `attribute_value`) VALUES
(14, 9, 'owner name', 'Textbox', ''),
(15, 9, 'RTO parsing year', 'Textbox', ''),
(16, 10, 'color', 'Textbox', ''),
(17, 10, 'gear box', 'Selectbox', '5 speed , 6 speed , 7speed , 8 speed , 9 speed , auto gear'),
(18, 10, 'Seating Capacity', 'Selectbox', '2,4,5,7'),
(19, 10, 'Steering Type', 'Selectbox', 'power steering , normal steering'),
(20, 10, 'Brake Type', 'Checkbox', 'disc brake,drum brake,air brake'),
(21, 10, 'Tyre Type', 'Checkbox', 'Tubeless,Radial'),
(22, 10, 'No Of Doors', 'Selectbox', '2,3,4,5'),
(23, 11, 'fuel Type', 'Selectbox', 'Diesel Engine , petrol Engine , cNG engine'),
(24, 11, 'Max Power', 'Textbox', ''),
(25, 11, 'Engine Displacement', 'Textbox', ''),
(26, 11, 'Fuel Supply System', 'Selectbox', 'CRDi , Direct Injection , EFI , MPFi'),
(27, 11, 'Turbo Charger', 'Boolean', ''),
(28, 11, 'super Charger', 'Boolean', ''),
(29, 12, 'Length', 'Textbox', ''),
(30, 12, 'Width', 'Textbox', ''),
(31, 12, 'Height', 'Textbox', ''),
(32, 12, 'Gross Weight', 'Textbox', ''),
(33, 13, 'owner name', 'Textbox', ''),
(34, 13, 'RTO parsing year', 'Textbox', ''),
(35, 14, 'color', 'Textbox', ''),
(36, 14, 'gear box', 'Selectbox', '5 speed , 6 speed , 7speed , 8 speed , 9 speed , auto gear'),
(37, 14, 'seating capacity', 'Selectbox', '2,4,5,7'),
(38, 14, 'steering type', 'Selectbox', 'power steering , normal steering'),
(39, 14, 'Brake Type', 'Checkbox', 'disc brake,drum brake,air brake'),
(40, 14, 'tyre type', 'Checkbox', 'tubeless , radial'),
(41, 14, 'no of doors', 'Selectbox', '2,3,4,5'),
(43, 15, 'fuel type', 'Selectbox', 'petrol , diesel'),
(44, 15, 'Max Power', 'Textbox', ''),
(45, 15, 'engine displacement', 'Textbox', ''),
(46, 15, 'fuel supply system', 'Selectbox', 'CRDi , Direct Injection , EFI , MPFi'),
(47, 15, 'turbo Charger', 'Boolean', ''),
(48, 15, 'super Charger', 'Boolean', ''),
(49, 16, 'Length', 'Textbox', ''),
(50, 16, 'width', 'Textbox', ''),
(51, 16, 'Height', 'Textbox', ''),
(52, 16, 'Gross Weight', 'Textbox', ''),
(53, 17, 'owner name', 'Textbox', ''),
(54, 17, 'RTO parsing year', 'Textbox', ''),
(55, 18, 'color', 'Textbox', ''),
(56, 18, 'gear box', 'Selectbox', '5 speed , 6 speed , 7speed , 8 speed , 9 speed , auto gear'),
(57, 18, 'seating capacity', 'Selectbox', '2,4,5,7'),
(58, 18, 'steering type', 'Selectbox', 'power steering , normal steering'),
(59, 18, 'Brake Type', 'Checkbox', 'disc brake,drum brake,air brake'),
(60, 18, 'tyre type', 'Checkbox', 'tubeless , radial'),
(61, 18, 'no of doors', 'Selectbox', '2,3,4,5'),
(62, 19, 'fuel type', 'Selectbox', 'petrol , diesel'),
(63, 19, 'Max Power', 'Textbox', ''),
(64, 19, 'engine displacement', 'Textbox', ''),
(65, 19, 'fuel supply system', 'Selectbox', 'CRDi , Direct Injection , EFI , MPFi'),
(66, 19, 'turbo Charger', 'Boolean', ''),
(67, 19, 'super Charger', 'Boolean', ''),
(68, 20, 'Length', 'Textbox', ''),
(69, 20, 'Width', 'Textbox', ''),
(70, 20, 'Height', 'Textbox', ''),
(71, 20, 'Gross Weight', 'Textbox', ''),
(72, 21, 'owner name', 'Textbox', ''),
(73, 21, 'RTO parsing year', 'Textbox', ''),
(74, 22, 'color', 'Textbox', ''),
(75, 22, 'gear box', 'Selectbox', '5 speed , 6 speed , 7speed , 8 speed , 9 speed , auto gear'),
(76, 22, 'seating capacity', 'Selectbox', '2,4,5,7'),
(77, 22, 'steering type', 'Selectbox', 'power stearing , normal stearing'),
(78, 22, 'Brake Type', 'Checkbox', 'disc brake,drum brake,air brake'),
(79, 22, 'tyre type', 'Checkbox', 'tubeless , radial'),
(80, 22, 'no of doors', 'Selectbox', '2,3,4,5'),
(81, 23, 'fuel type', 'Selectbox', 'petrol , diesel , CNG'),
(82, 23, 'Max Power', 'Textbox', ''),
(83, 23, 'engine displacement', 'Textbox', ''),
(84, 23, 'fuel supply system', 'Selectbox', 'CRDi , Direct Injection , EFI , MPFi'),
(85, 23, 'turbo Charger', 'Boolean', ''),
(86, 23, 'super Charger', 'Boolean', ''),
(87, 24, 'Length', 'Textbox', ''),
(88, 24, 'Width', 'Textbox', ''),
(89, 24, 'Height', 'Textbox', ''),
(90, 24, 'Gross Weight', 'Textbox', ''),
(91, 25, 'owner name', 'Textbox', ''),
(92, 25, 'RTO parsing year', 'Textbox', ''),
(93, 26, 'color', 'Textbox', ''),
(94, 26, 'gear box', 'Selectbox', '5 speed , 6 speed , 7speed , 8 speed , 9 speed , auto gear'),
(95, 26, 'Seating Capacity', 'Selectbox', '2,4,5,7'),
(96, 26, 'steering type', 'Selectbox', 'power stearing , normal stearing'),
(97, 26, 'Brake Type', 'Checkbox', 'disc brake,drum brake,air brake'),
(98, 26, 'tyre type', 'Checkbox', 'tubeless , radial'),
(99, 26, 'no of doors', 'Selectbox', '2,3,4,5'),
(100, 27, 'fuel type', 'Selectbox', 'petrol , diesel'),
(101, 27, 'Max Power', 'Textbox', ''),
(102, 27, 'engine displacement', 'Textbox', ''),
(103, 27, 'fuel supply system', 'Selectbox', 'CRDi , Direct Injection , EFI , MPFi'),
(104, 27, 'turbo Charger', 'Boolean', ''),
(105, 27, 'super Charger', 'Boolean', ''),
(106, 28, 'Length', 'Textbox', ''),
(107, 28, 'Width', 'Textbox', ''),
(108, 28, 'Height', 'Textbox', ''),
(109, 28, 'Gross Weight', 'Textbox', ''),
(110, 29, 'owner name', 'Textbox', ''),
(111, 29, 'RTO parsing year', 'Textbox', ''),
(112, 30, 'color', 'Textbox', ''),
(113, 30, 'gear box', 'Selectbox', '5 speed , 6 speed , 7speed , 8 speed , 9 speed , auto gear'),
(114, 30, 'Seating Capacity', 'Selectbox', '2,4,5,7'),
(115, 30, 'steering type', 'Selectbox', 'power stearing , normal stearing'),
(116, 30, 'Brake Type', 'Checkbox', 'disc brake,drum brake,air brake'),
(117, 30, 'tyre type', 'Checkbox', 'tubeless , radial'),
(118, 30, 'no of doors', 'Selectbox', '2,3,4,5'),
(119, 31, 'fuel type', 'Selectbox', 'petrol , diesel'),
(120, 31, 'Max Power', 'Textbox', ''),
(121, 31, 'engine displacement', 'Textbox', ''),
(122, 31, 'fuel supply system', 'Selectbox', 'CRDi , Direct Injection , EFI , MPFi'),
(123, 31, 'turbo Charger', 'Boolean', ''),
(124, 31, 'super Charger', 'Boolean', ''),
(125, 32, 'Length', 'Textbox', ''),
(126, 32, 'Width', 'Textbox', ''),
(127, 32, 'Height', 'Textbox', ''),
(128, 32, 'Gross Weight', 'Textbox', ''),
(129, 33, 'owner name', 'Textbox', ''),
(130, 33, 'RTO parsing year', 'Textbox', ''),
(131, 34, 'color', 'Textbox', ''),
(132, 34, 'gear box', 'Selectbox', '5 speed , 6 speed , 7speed , 8 speed , 9 speed , auto gear'),
(133, 34, 'Seating Capacity', 'Selectbox', '2,4,5,7'),
(134, 34, 'steering type', 'Selectbox', 'power steering , normal steering'),
(135, 34, 'Brake Type', 'Checkbox', 'disc brake,drum brake,air brake'),
(136, 34, 'tyre type', 'Checkbox', 'tubeless , radial'),
(137, 34, 'no of doors', 'Selectbox', '2,3,4,5'),
(138, 35, 'fuel type', 'Selectbox', 'petrol , diesel'),
(139, 35, 'Max Power', 'Textbox', ''),
(140, 35, 'engine displacement', 'Textbox', ''),
(141, 35, 'fuel supply system', 'Selectbox', 'CRDi , Direct Injection , EFI , MPFi'),
(142, 35, 'turbo Charger', 'Boolean', ''),
(143, 35, 'super Charger', 'Boolean', ''),
(144, 36, 'Length', 'Textbox', ''),
(145, 36, 'Width', 'Textbox', ''),
(146, 36, 'Height', 'Textbox', ''),
(147, 36, 'Gross Weight', 'Textbox', ''),
(148, 37, 'owner name', 'Textbox', ''),
(149, 37, 'RTO parsing year', 'Textbox', ''),
(150, 38, 'color', 'Textbox', ''),
(151, 38, 'gear box', 'Selectbox', '5 speed , 6 speed , 7speed , 8 speed , 9 speed , auto gear'),
(152, 38, 'Seating Capacity', 'Selectbox', '2,4,5,7'),
(153, 38, 'steering type', 'Selectbox', 'power steering , normal steering'),
(154, 38, 'Brake Type', 'Checkbox', 'disc brake,drum brake,air brake'),
(155, 38, 'tyre type', 'Checkbox', 'tubeless , radial'),
(156, 38, 'no of doors', 'Selectbox', '2,3,4,5'),
(157, 39, 'fuel type', 'Selectbox', 'petrol , diesel'),
(158, 39, 'Max Power', 'Textbox', ''),
(159, 39, 'engine displacement', 'Textbox', ''),
(160, 39, 'fuel supply system', 'Selectbox', 'CRDi , Direct Injection , EFI , MPFi'),
(161, 39, 'turbo Charger', 'Boolean', ''),
(162, 39, 'super Charger', 'Boolean', ''),
(163, 40, 'Length', 'Textbox', ''),
(164, 40, 'Width', 'Textbox', ''),
(165, 40, 'Height', 'Textbox', ''),
(166, 40, 'Gross Weight', 'Textbox', ''),
(167, 41, 'owner name', 'Textbox', ''),
(168, 41, 'RTO parsing year', 'Textbox', ''),
(169, 42, 'color', 'Textbox', ''),
(170, 42, 'gear box', 'Selectbox', '5 speed , 6 speed , 7speed , 8 speed , 9 speed , auto gear'),
(171, 42, 'Seating Capacity', 'Selectbox', '2,4,5,7'),
(172, 42, 'steering type', 'Selectbox', 'power steering , normal steering'),
(173, 42, 'Brake Type', 'Checkbox', 'disc brake,drum brake,air brake'),
(174, 42, 'tyre type', 'Checkbox', 'tubeless , radial'),
(175, 42, 'no of doors', 'Selectbox', '2,3,4,5'),
(176, 43, 'fuel type', 'Selectbox', 'petrol , diesel'),
(177, 43, 'Max Power', 'Textbox', ''),
(178, 43, 'engine displacement', 'Textbox', ''),
(179, 43, 'fuel supply system', 'Selectbox', 'CRDi , Direct Injection , EFI , MPFi'),
(180, 43, 'turbo Charger', 'Boolean', ''),
(181, 43, 'super Charger', 'Boolean', ''),
(182, 44, 'Length', 'Textbox', ''),
(183, 44, 'Width', 'Textbox', ''),
(184, 44, 'Height', 'Textbox', ''),
(185, 44, 'Gross Weight', 'Textbox', ''),
(186, 45, 'owner name', 'Textbox', ''),
(187, 45, 'RTO parsing year', 'Textbox', ''),
(188, 46, 'color', 'Textbox', ''),
(189, 46, 'gear box', 'Selectbox', '5 speed , 6 speed , 7speed , 8 speed , 9 speed , auto gear'),
(190, 46, 'Seating Capacity', 'Selectbox', '2,4,5,7'),
(191, 46, 'steering type', 'Selectbox', 'power steering , normal steering'),
(192, 46, 'Brake Type', 'Checkbox', 'disc brake,drum brake,air brake'),
(193, 46, 'tyre type', 'Checkbox', 'tubeless , radial'),
(194, 46, 'no of doors', 'Selectbox', '2,3,4,5'),
(195, 47, 'fuel type', 'Selectbox', 'petrol , diesel'),
(196, 47, 'Max Power', 'Textbox', ''),
(197, 47, 'engine displacement', 'Textbox', ''),
(198, 47, 'fuel supply system', 'Selectbox', 'CRDi , Direct Injection , EFI , MPFi'),
(199, 47, 'turbo Charger', 'Boolean', ''),
(200, 47, 'super Charger', 'Boolean', ''),
(201, 48, 'Length', 'Textbox', ''),
(202, 48, 'Width', 'Textbox', ''),
(203, 48, 'Height', 'Textbox', ''),
(204, 48, 'Gross Weight', 'Textbox', ''),
(205, 49, 'owner name', 'Textbox', ''),
(206, 49, 'RTO parsing year', 'Textbox', ''),
(207, 50, 'color', 'Textbox', ''),
(208, 50, 'gear box', 'Selectbox', '5 speed , 6 speed , 7speed , 8 speed , 9 speed , auto gear'),
(209, 50, 'Seating Capacity', 'Selectbox', '2,4,5,7'),
(210, 50, 'steering type', 'Selectbox', 'power steering , normal steering'),
(211, 50, 'Brake Type', 'Checkbox', 'disc brake,drum brake,air brake'),
(212, 50, 'tyre type', 'Checkbox', 'tubeless , radial'),
(213, 50, 'no of doors', 'Selectbox', '2,3,4,5'),
(214, 51, 'fuel type', 'Selectbox', 'petrol , diesel , CNG'),
(215, 51, 'Max Power', 'Textbox', ''),
(216, 51, 'engine displacement', 'Textbox', ''),
(217, 51, 'fuel supply system', 'Selectbox', 'CRDi , Direct Injection , EFI , MPFi'),
(218, 51, 'turbo Charger', 'Boolean', ''),
(219, 51, 'super Charger', 'Boolean', ''),
(220, 52, 'Length', 'Textbox', ''),
(221, 52, 'Width', 'Textbox', ''),
(222, 52, 'Height', 'Textbox', ''),
(223, 52, 'Gross Weight', 'Textbox', ''),
(224, 53, 'owner name', 'Textbox', ''),
(225, 53, 'RTO parsing year', 'Textbox', ''),
(226, 54, 'color', 'Textbox', ''),
(227, 54, 'gear box', 'Selectbox', '5 speed , 6 speed , 7speed , 8 speed , 9 speed , auto gear'),
(228, 54, 'Seating Capacity', 'Selectbox', '2,4,5,7'),
(229, 54, 'steering type', 'Selectbox', 'power steering , normal steering'),
(230, 54, 'brake type', 'Checkbox', 'disc brake,drum brake,air brake'),
(231, 54, 'tyre type', 'Checkbox', 'tubeless , radial'),
(232, 54, 'no of doors', 'Selectbox', '2,3,4,5'),
(233, 55, 'fuel type', 'Selectbox', 'petrol , diesel , CNG'),
(234, 55, 'Max Power', 'Textbox', ''),
(235, 55, 'engine displacement', 'Textbox', ''),
(236, 55, 'fuel supply system', 'Selectbox', 'CRDi , Direct Injection , EFI , MPFi'),
(237, 55, 'turbo Charger', 'Boolean', ''),
(238, 55, 'super Charger', 'Boolean', ''),
(239, 56, 'Length', 'Textbox', ''),
(240, 56, 'Width', 'Textbox', ''),
(241, 56, 'Height', 'Textbox', ''),
(242, 56, 'Gross Weight', 'Textbox', ''),
(243, 57, 'owner name', 'Textbox', ''),
(244, 57, 'RTO parsing year', 'Textbox', ''),
(245, 58, 'color', 'Textbox', ''),
(246, 58, 'gear box', 'Selectbox', '5 speed , 6 speed , 7speed , 8 speed , 9 speed , auto gear'),
(247, 58, 'Seating Capacity', 'Selectbox', '2,4,5,7'),
(248, 58, 'steering type', 'Selectbox', 'power steering , normal steering'),
(249, 58, 'Brake Type', 'Checkbox', 'disc brake,drum brake,air brake'),
(250, 58, 'tyre type', 'Checkbox', 'tubeless , radial'),
(251, 58, 'no of doors', 'Selectbox', '2,3,4,5'),
(252, 59, 'fuel type', 'Selectbox', 'petrol , diesel'),
(253, 59, 'Max Power', 'Textbox', ''),
(254, 59, 'engine displacement', 'Textbox', ''),
(255, 59, 'fuel supply system', 'Selectbox', 'CRDi , Direct Injection , EFI , MPFi'),
(256, 59, 'turbo Charger', 'Boolean', ''),
(257, 59, 'super Charger', 'Boolean', ''),
(258, 60, 'Length', 'Textbox', ''),
(259, 60, 'Width', 'Textbox', ''),
(260, 60, 'Height', 'Textbox', ''),
(261, 60, 'Gross Weight', 'Textbox', ''),
(264, 68, 'owner name', 'Textbox', ''),
(265, 68, 'RTO parsing year', 'Textbox', ''),
(266, 61, 'color', 'Textbox', ''),
(267, 61, 'gear box', 'Selectbox', '5 speed , 6 speed , 7speed , 8 speed , 9 speed , auto gear'),
(268, 61, 'Seating Capacity', 'Selectbox', '2,4,5,7'),
(269, 61, 'steering type', 'Selectbox', 'power steering , normal steering'),
(270, 61, 'Brake Type', 'Checkbox', 'disc brake,drum brake,air brake'),
(271, 61, 'tyre type', 'Checkbox', 'tubeless , radial'),
(272, 61, 'no of doors', 'Selectbox', '2,3,4,5'),
(273, 62, 'fuel type', 'Selectbox', 'petrol , diesel'),
(274, 62, 'Max Power', 'Textbox', ''),
(275, 62, 'engine displacement', 'Textbox', ''),
(276, 62, 'fuel supply system', 'Selectbox', 'CRDi , Direct Injection , EFI , MPFi'),
(277, 62, 'turbo Charger', 'Boolean', ''),
(278, 62, 'super Charger', 'Boolean', ''),
(279, 63, 'Length', 'Textbox', ''),
(280, 63, 'Width', 'Textbox', ''),
(281, 63, 'Height', 'Textbox', ''),
(282, 63, 'Gross Weight', 'Textbox', ''),
(283, 64, 'owner name', 'Textbox', ''),
(284, 64, 'RTO parsing year', 'Textbox', ''),
(285, 65, 'color', 'Textbox', ''),
(286, 65, 'gear box', 'Selectbox', '5 speed , 6 speed , 7speed , 8 speed , 9 speed , auto gear'),
(287, 65, 'Seating Capacity', 'Selectbox', '2,4,5,7'),
(288, 65, 'steering type', 'Selectbox', 'power steering , normal steering'),
(289, 65, 'Brake Type', 'Checkbox', 'disc brake,drum brake,air brake'),
(290, 65, 'tyre type', 'Checkbox', 'tubeless , radial'),
(291, 65, 'no of doors', 'Selectbox', '2,3,4,5'),
(292, 66, 'fuel type', 'Selectbox', 'petrol , diesel'),
(293, 66, 'Max Power', 'Textbox', ''),
(294, 66, 'engine displacement', 'Textbox', ''),
(295, 66, 'fuel supply system', 'Selectbox', 'CRDi , Direct Injection , EFI , MPFi'),
(296, 66, 'turbo Charger', 'Boolean', ''),
(297, 66, 'super Charger', 'Boolean', ''),
(298, 67, 'Length', 'Textbox', ''),
(299, 67, 'Width', 'Textbox', ''),
(300, 67, 'Height', 'Textbox', ''),
(301, 67, 'Gross Weight', 'Textbox', ''),
(302, 69, 'owner name', 'Textbox', ''),
(303, 69, 'RTO parsing year', 'Textbox', ''),
(304, 70, 'color', 'Textbox', ''),
(305, 70, 'gear box', 'Selectbox', '5 speed , 6 speed , 7speed , 8 speed , 9 speed , auto gear'),
(306, 70, 'Seating Capacity', 'Selectbox', '2,4,5,7'),
(307, 70, 'steering type', 'Selectbox', 'power steering , normal steering'),
(308, 70, 'Brake Type', 'Checkbox', 'disc brake,drum brake,air brake'),
(309, 70, 'tyre type', 'Checkbox', 'tubeless , radial'),
(310, 70, 'no of doors', 'Selectbox', '2,3,4,5'),
(311, 71, 'fuel type', 'Selectbox', 'petrol , diesel'),
(312, 71, 'Max Power', 'Textbox', ''),
(313, 71, 'engine displacement', 'Textbox', ''),
(314, 71, 'fuel supply system', 'Selectbox', 'CRDi , Direct Injection , EFI , MPFi'),
(315, 71, 'turbo Charger', 'Boolean', ''),
(316, 71, 'super Charger', 'Boolean', ''),
(317, 72, 'Length', 'Textbox', ''),
(318, 72, 'Width', 'Textbox', ''),
(319, 72, 'Height', 'Textbox', ''),
(320, 72, 'Gross Weight', 'Textbox', ''),
(321, 73, 'owner name', 'Textbox', ''),
(322, 73, 'RTO parsing year', 'Textbox', ''),
(323, 74, 'color', 'Textbox', ''),
(324, 74, 'gear box', 'Selectbox', '5 speed , 6 speed , 7speed , 8 speed , 9 speed , auto gear'),
(325, 74, 'Seating Capacity', 'Selectbox', '2,4,5,7'),
(326, 74, 'steering type', 'Selectbox', 'power steering , normal steering'),
(327, 74, 'Brake Type', 'Checkbox', 'disc brake,drum brake,air brake'),
(328, 74, 'tyre type', 'Checkbox', 'tubeless , radial'),
(329, 74, 'no of doors', 'Selectbox', '2,3,4,5'),
(330, 75, 'fuel type', 'Selectbox', 'petrol , diesel'),
(331, 75, 'Max Power', 'Textbox', ''),
(332, 75, 'engine displacement', 'Textbox', ''),
(333, 75, 'fuel supply system', 'Selectbox', 'CRDi , Direct Injection , EFI , MPFi'),
(334, 75, 'turbo Charger', 'Boolean', ''),
(335, 75, 'super Charger', 'Boolean', ''),
(336, 76, 'Length', 'Textbox', ''),
(337, 76, 'Width', 'Textbox', ''),
(338, 76, 'Height', 'Textbox', ''),
(339, 76, 'Gross Weight', 'Textbox', ''),
(340, 77, 'owner name', 'Textbox', ''),
(341, 77, 'RTO parsing year', 'Textbox', ''),
(342, 78, 'color', 'Textbox', ''),
(343, 78, 'gear box', 'Selectbox', '5 speed , 6 speed , 7speed , 8 speed , 9 speed , auto gear'),
(344, 78, 'Seating Capacity', 'Selectbox', '2,4,5,7'),
(345, 78, 'steering type', 'Selectbox', 'power steering , normal steering'),
(346, 78, 'brake type', 'Checkbox', 'disc brake,drum brake,air brake'),
(347, 78, 'tyre type', 'Checkbox', 'tubeless , radial'),
(348, 78, 'no of doors', 'Selectbox', '2,3,4,5'),
(349, 79, 'fuel type', 'Selectbox', 'petrol , diesel'),
(350, 79, 'Max Power', 'Textbox', ''),
(351, 79, 'engine displacement', 'Textbox', ''),
(352, 79, 'fuel supply system', 'Selectbox', 'CRDi , Direct Injection , EFI , MPFi'),
(353, 79, 'turbo Charger', 'Boolean', ''),
(354, 79, 'super Charger', 'Boolean', ''),
(355, 80, 'Length', 'Textbox', ''),
(356, 80, 'Width', 'Textbox', ''),
(357, 80, 'Height', 'Textbox', ''),
(358, 80, 'Gross Weight', 'Textbox', ''),
(359, 81, 'owner name', 'Textbox', ''),
(360, 81, 'RTO parsing year', 'Textbox', ''),
(361, 82, 'color', 'Textbox', ''),
(362, 82, 'gear box', 'Selectbox', '5 speed , 6 speed , 7speed , 8 speed , 9 speed , auto gear'),
(363, 82, 'Seating Capacity', 'Selectbox', '2,4,5,7'),
(364, 82, 'steering type', 'Selectbox', 'power steering , normal steering'),
(365, 82, 'Brake Type', 'Checkbox', 'disc brake,drum brake,air brake'),
(366, 82, 'tyre type', 'Checkbox', 'tubeless , radial'),
(367, 82, 'no of doors', 'Selectbox', '2,3,4,5'),
(368, 83, 'fuel type', 'Selectbox', 'petrol , diesel'),
(369, 83, 'Max Power', 'Textbox', ''),
(370, 83, 'engine displacement', 'Textbox', ''),
(371, 83, 'fuel supply system', 'Selectbox', 'CRDi , Direct Injection , EFI , MPFi'),
(372, 83, 'turbo Charger', 'Boolean', ''),
(373, 83, 'super Charger', 'Boolean', ''),
(374, 84, 'Length', 'Textbox', ''),
(375, 84, 'Width', 'Textbox', ''),
(376, 84, 'Height', 'Textbox', ''),
(377, 84, 'Gross Weight', 'Textbox', ''),
(378, 85, 'owner name', 'Textbox', ''),
(379, 85, 'RTO parsing year', 'Textbox', ''),
(380, 86, 'color', 'Textbox', ''),
(381, 86, 'gear box', 'Selectbox', '5 speed , 6 speed , 7speed , 8 speed , 9 speed , auto gear'),
(382, 86, 'Seating Capacity', 'Selectbox', '2,4,5,7'),
(383, 86, 'steering type', 'Selectbox', 'power steering , normal steering'),
(384, 86, 'Brake Type', 'Checkbox', 'disc brake,drum brake,air brake'),
(385, 86, 'tyre type', 'Checkbox', 'tubeless , radial'),
(386, 86, 'no of doors', 'Selectbox', '2,3,4,5'),
(387, 87, 'fuel type', 'Selectbox', 'petrol , diesel'),
(388, 87, 'Max Power', 'Textbox', ''),
(389, 87, 'engine displacement', 'Textbox', ''),
(390, 87, 'fuel supply system', 'Selectbox', 'CRDi , Direct Injection , EFI , MPFi'),
(391, 87, 'turbo Charger', 'Boolean', ''),
(392, 87, 'super Charger', 'Boolean', ''),
(393, 88, 'Length', 'Textbox', ''),
(394, 88, 'Width', 'Textbox', ''),
(395, 88, 'Height', 'Textbox', ''),
(396, 88, 'Gross Weight', 'Textbox', ''),
(397, 89, 'owner name', 'Textbox', ''),
(398, 89, 'RTO parsing year', 'Textbox', ''),
(399, 90, 'color', 'Textbox', ''),
(400, 90, 'gear box', 'Selectbox', '5 speed , 6 speed , 7speed , 8 speed , 9 speed , auto gear'),
(401, 90, 'Seating Capacity', 'Selectbox', '2,4,5,7'),
(402, 90, 'steering type', 'Selectbox', 'power steering , normal steering'),
(403, 90, 'Brake Type', 'Checkbox', 'disc brake,drum brake,air brake'),
(404, 90, 'tyre type', 'Checkbox', 'tubeless , radial'),
(405, 90, 'no of doors', 'Selectbox', '2,3,4,5'),
(406, 91, 'fuel type', 'Selectbox', 'petrol , diesel'),
(407, 91, 'Max Power', 'Textbox', ''),
(408, 91, 'engine displacement', 'Textbox', ''),
(409, 91, 'fuel supply system', 'Selectbox', 'CRDi , Direct Injection , EFI , MPFi'),
(410, 91, 'turbo Charger', 'Boolean', ''),
(411, 91, 'super Charger', 'Boolean', ''),
(412, 92, 'Length', 'Textbox', ''),
(413, 92, 'Width', 'Textbox', ''),
(414, 92, 'Height', 'Textbox', ''),
(415, 92, 'Gross Weight', 'Textbox', ''),
(416, 93, 'owner name', 'Textbox', ''),
(417, 93, 'RTO parsing year', 'Textbox', ''),
(418, 94, 'color', 'Textbox', ''),
(419, 94, 'gear box', 'Selectbox', '5 speed , 6 speed , 7speed , 8 speed , 9 speed , auto gear'),
(420, 94, 'Seating Capacity', 'Selectbox', '2,4,5,7'),
(421, 94, 'steering type', 'Selectbox', 'power steering , normal steering'),
(422, 94, 'Brake Type', 'Checkbox', 'disc brake,drum brake,air brake'),
(423, 94, 'tyre type', 'Checkbox', 'tubeless , radial'),
(424, 94, 'no of doors', 'Selectbox', '2,3,4,5'),
(425, 95, 'fuel type', 'Selectbox', 'petrol , diesel'),
(426, 95, 'Max Power', 'Textbox', ''),
(427, 95, 'engine displacement', 'Textbox', ''),
(428, 95, 'fuel supply system', 'Selectbox', 'CRDi , Direct Injection , EFI , MPFi'),
(429, 95, 'turbo Charger', 'Boolean', ''),
(430, 95, 'super Charger', 'Boolean', ''),
(431, 96, 'Length', 'Textbox', ''),
(432, 96, 'Width', 'Textbox', ''),
(433, 96, 'Height', 'Textbox', ''),
(434, 96, 'Gross Weight', 'Textbox', ''),
(435, 97, 'owner name', 'Textbox', ''),
(436, 97, 'RTO parsing year', 'Textbox', ''),
(437, 98, 'color', 'Textbox', ''),
(438, 98, 'gear box', 'Selectbox', '5 speed , 6 speed , 7speed , 8 speed , 9 speed , auto gear'),
(439, 98, 'Seating Capacity', 'Selectbox', '2,4,5,7'),
(440, 98, 'steering type', 'Selectbox', 'power steering , normal steering'),
(441, 98, 'Brake Type', 'Checkbox', 'disc brake,drum brake,air brake'),
(442, 98, 'tyre type', 'Checkbox', 'tubeless , radial'),
(443, 98, 'no of doors', 'Selectbox', '2,3,4,5'),
(444, 99, 'fuel type', 'Selectbox', 'petrol , diesel'),
(445, 99, 'Max Power', 'Textbox', ''),
(446, 99, 'engine displacement', 'Textbox', ''),
(447, 99, 'fuel supply system', 'Selectbox', 'CRDi , Direct Injection , EFI , MPFi'),
(448, 99, 'turbo Charger', 'Boolean', ''),
(449, 99, 'super Charger', 'Boolean', ''),
(450, 100, 'Length', 'Textbox', ''),
(451, 100, 'Width', 'Textbox', ''),
(452, 100, 'Height', 'Textbox', ''),
(453, 100, 'Gross Weight', 'Textbox', ''),
(454, 101, 'owner name', 'Textbox', ''),
(455, 101, 'RTO parsing year', 'Textbox', ''),
(456, 102, 'color', 'Textbox', ''),
(457, 102, 'gear box', 'Selectbox', '5 speed , 6 speed , 7speed , 8 speed , 9 speed , auto gear'),
(458, 102, 'Seating Capacity', 'Selectbox', '2,4,5,7'),
(459, 102, 'steering type', 'Selectbox', 'power steering , normal steering'),
(460, 102, 'Brake Type', 'Checkbox', 'disc brake,drum brake,air brake'),
(461, 102, 'tyre type', 'Checkbox', 'tubeless , radial'),
(462, 102, 'no of doors', 'Selectbox', '2,3,4,5'),
(463, 103, 'fuel type', 'Selectbox', 'petrol , diesel'),
(464, 103, 'Max Power', 'Textbox', ''),
(465, 103, 'engine displacement', 'Textbox', ''),
(466, 103, 'fuel supply system', 'Selectbox', 'CRDi , Direct Injection , EFI , MPFi'),
(467, 103, 'turbo Charger', 'Boolean', ''),
(468, 103, 'super Charger', 'Boolean', ''),
(469, 104, 'Length', 'Textbox', ''),
(470, 104, 'Width', 'Textbox', ''),
(471, 104, 'Height', 'Textbox', ''),
(472, 104, 'Gross Weight', 'Textbox', ''),
(473, 105, 'owner name', 'Textbox', ''),
(474, 105, 'RTO parsing year', 'Textbox', ''),
(475, 106, 'color', 'Textbox', ''),
(476, 106, 'gear box', 'Selectbox', '5 speed , 6 speed , 7speed , 8 speed , 9 speed , auto gear'),
(477, 106, 'Seating Capacity', 'Selectbox', '2,4,5,7'),
(478, 106, 'steering type', 'Selectbox', 'power steering , normal steering'),
(479, 106, 'Brake Type', 'Checkbox', 'disc brake,drum brake,air brake'),
(480, 106, 'tyre type', 'Checkbox', 'tubeless , radial'),
(481, 106, 'no of doors', 'Selectbox', '2,3,4,5'),
(482, 107, 'fuel type', 'Selectbox', 'petrol , diesel'),
(483, 107, 'Max Power', 'Textbox', ''),
(484, 107, 'engine displacement', 'Textbox', ''),
(485, 107, 'fuel supply system', 'Selectbox', 'CRDi , Direct Injection , EFI , MPFi'),
(486, 107, 'turbo Charger', 'Boolean', ''),
(487, 107, 'super Charger', 'Boolean', ''),
(488, 108, 'Length', 'Textbox', ''),
(489, 108, 'Width', 'Textbox', ''),
(490, 108, 'Height', 'Textbox', ''),
(491, 108, 'Gross Weight', 'Textbox', ''),
(492, 109, 'owner name', 'Textbox', ''),
(493, 109, 'RTO parsing year', 'Textbox', ''),
(494, 110, 'color', 'Textbox', ''),
(495, 110, 'gear box', 'Selectbox', '5 speed , 6 speed , 7speed , 8 speed , 9 speed , auto gear'),
(496, 110, 'Seating Capacity', 'Selectbox', '2,4,5,7'),
(497, 110, 'steering type', 'Selectbox', 'power steering , normal steering'),
(498, 110, 'Brake Type', 'Checkbox', 'disc brake,drum brake,air brake'),
(499, 110, 'tyre type', 'Checkbox', 'tubeless , radial'),
(500, 110, 'no of doors', 'Selectbox', '2,3,4,5'),
(501, 111, 'fuel type', 'Selectbox', 'petrol , diesel'),
(502, 111, 'Max Power', 'Textbox', ''),
(503, 111, 'engine displacement', 'Textbox', ''),
(504, 111, 'fuel supply system', 'Selectbox', 'CRDi , Direct Injection , EFI , MPFi'),
(505, 111, 'turbo Charger', 'Boolean', ''),
(506, 111, 'super Charger', 'Boolean', ''),
(507, 112, 'Length', 'Textbox', ''),
(508, 112, 'Width', 'Textbox', ''),
(509, 112, 'Height', 'Textbox', ''),
(510, 112, 'Gross Weight', 'Textbox', ''),
(511, 113, 'owner name', 'Textbox', ''),
(512, 113, 'RTO parsing year', 'Textbox', ''),
(513, 114, 'color', 'Textbox', ''),
(514, 114, 'gear box', 'Selectbox', '5 speed , 6 speed , 7speed , 8 speed , 9 speed , auto gear'),
(515, 114, 'Seating Capacity', 'Selectbox', '2,4,5,7'),
(516, 114, 'steering type', 'Selectbox', 'power steering , normal steering'),
(517, 114, 'Brake Type', 'Checkbox', 'disc brake,drum brake,air brake'),
(518, 114, 'tyre type', 'Checkbox', 'tubeless , radial'),
(519, 114, 'no of doors', 'Selectbox', '2,3,4,5'),
(520, 115, 'fuel type', 'Selectbox', 'petrol , diesel'),
(521, 115, 'Max Power', 'Textbox', ''),
(522, 115, 'engine displacement', 'Textbox', ''),
(523, 115, 'fuel supply system', 'Selectbox', 'CRDi , Direct Injection , EFI , MPFi'),
(524, 115, 'turbo Charger', 'Boolean', ''),
(525, 115, 'super Charger', 'Boolean', ''),
(526, 116, 'Length', 'Textbox', ''),
(527, 116, 'Width', 'Textbox', ''),
(528, 116, 'Height', 'Textbox', ''),
(529, 116, 'Gross Weight', 'Textbox', ''),
(530, 117, 'owner name', 'Textbox', ''),
(531, 117, 'RTO parsing year', 'Textbox', ''),
(532, 118, 'color', 'Textbox', ''),
(533, 118, 'gear box', 'Selectbox', '5 speed , 6 speed , 7speed , 8 speed , 9 speed , auto gear'),
(534, 118, 'Seating Capacity', 'Selectbox', '2,4,5,7'),
(535, 118, 'steering type', 'Selectbox', 'power steering , normal steering'),
(536, 118, 'Brake Type', 'Checkbox', 'disc brake,drum brake,air brake'),
(537, 118, 'tyre type', 'Checkbox', 'tubeless , radial'),
(538, 118, 'no of doors', 'Selectbox', '2,3,4,5'),
(539, 119, 'fuel type', 'Selectbox', 'petrol , diesel'),
(540, 119, 'Max Power', 'Textbox', ''),
(541, 119, 'engine displacement', 'Textbox', ''),
(542, 119, 'fuel supply system', 'Selectbox', 'CRDi , Direct Injection , EFI , MPFi'),
(543, 119, 'turbo Charger', 'Boolean', ''),
(544, 119, 'super Charger', 'Boolean', ''),
(545, 120, 'Length', 'Textbox', ''),
(546, 120, 'Width', 'Textbox', ''),
(547, 120, 'Height', 'Textbox', ''),
(548, 120, 'Gross Weight', 'Textbox', ''),
(549, 121, 'owner name', 'Textbox', ''),
(550, 121, 'RTO parsing year', 'Textbox', ''),
(551, 122, 'color', 'Textbox', ''),
(552, 122, 'gear box', 'Selectbox', '5 speed , 6 speed , 7speed , 8 speed , 9 speed , auto gear'),
(553, 122, 'Seating Capacity', 'Selectbox', '2,4,5,7'),
(554, 122, 'steering type', 'Selectbox', 'power steering , normal steering'),
(555, 122, 'Brake Type', 'Checkbox', 'disc brake,drum brake,air brake'),
(556, 122, 'tyre type', 'Checkbox', 'tubeless , radial'),
(557, 122, 'no of doors', 'Selectbox', '2,3,4,5'),
(558, 123, 'fuel type', 'Selectbox', 'petrol , diesel'),
(559, 123, 'Max Power', 'Textbox', ''),
(560, 123, 'engine displacement', 'Textbox', ''),
(561, 123, 'fuel supply system', 'Selectbox', 'CRDi , Direct Injection , EFI , MPFi'),
(562, 123, 'turbo Charger', 'Boolean', ''),
(563, 123, 'super Charger', 'Boolean', ''),
(564, 124, 'Length', 'Textbox', ''),
(565, 124, 'Width', 'Textbox', ''),
(566, 124, 'Height', 'Textbox', ''),
(567, 124, 'Gross Weight', 'Textbox', ''),
(568, 125, 'owner name', 'Textbox', ''),
(569, 125, 'RTO parsing year', 'Textbox', ''),
(570, 126, 'color', 'Textbox', ''),
(571, 126, 'gear box', 'Selectbox', '5 speed , 6 speed , 7speed , 8 speed , 9 speed , auto gear'),
(572, 126, 'Seating Capacity', 'Selectbox', '2,4,5,7'),
(573, 126, 'steering type', 'Selectbox', 'power steering , normal steering'),
(574, 126, 'Brake Type', 'Checkbox', 'disc brake,drum brake,air brake'),
(575, 126, 'tyre type', 'Checkbox', 'tubeless , radial'),
(576, 126, 'no of doors', 'Selectbox', '2,3,4,5'),
(577, 127, 'fuel type', 'Selectbox', 'petrol , diesel'),
(578, 127, 'Max Power', 'Textbox', ''),
(579, 127, 'engine displacement', 'Textbox', ''),
(580, 127, 'fuel supply system', 'Selectbox', 'CRDi , Direct Injection , EFI , MPFi'),
(581, 127, 'turbo Charger', 'Boolean', ''),
(582, 127, 'super Charger', 'Boolean', ''),
(583, 128, 'Length', 'Textbox', ''),
(584, 128, 'Width', 'Textbox', ''),
(585, 128, 'Height', 'Textbox', ''),
(586, 128, 'Gross Weight', 'Textbox', ''),
(587, 129, 'owner name', 'Textbox', ''),
(588, 129, 'RTO parsing year', 'Textbox', ''),
(589, 130, 'color', 'Textbox', ''),
(590, 130, 'gear box', 'Selectbox', '5 speed , 6 speed , 7speed , 8 speed , 9 speed , auto gear'),
(591, 130, 'Seating Capacity', 'Selectbox', '2,4,5,7'),
(592, 130, 'steering type', 'Selectbox', 'power steering , normal steering'),
(593, 130, 'Brake Type', 'Checkbox', 'disc brake,drum brake,air brake'),
(594, 130, 'tyre type', 'Checkbox', 'tubeless , radial'),
(595, 130, 'no of doors', 'Selectbox', '2,3,4,5'),
(596, 131, 'fuel type', 'Selectbox', 'petrol , diesel'),
(597, 131, 'Max Power', 'Textbox', ''),
(598, 131, 'engine displacement', 'Textbox', ''),
(599, 131, 'fuel supply system', 'Selectbox', 'CRDi , Direct Injection , EFI , MPFi'),
(600, 131, 'turbo Charger', 'Boolean', ''),
(601, 131, 'super Charger', 'Boolean', ''),
(602, 132, 'Length', 'Textbox', ''),
(603, 132, 'Width', 'Textbox', ''),
(604, 132, 'Height', 'Textbox', ''),
(605, 132, 'Gross Weight', 'Textbox', ''),
(606, 133, 'owner name', 'Textbox', ''),
(607, 133, 'RTO parsing year', 'Textbox', ''),
(608, 134, 'color', 'Textbox', ''),
(609, 134, 'gear box', 'Selectbox', '5 speed , 6 speed , 7speed , 8 speed , 9 speed , auto gear'),
(610, 134, 'Seating Capacity', 'Selectbox', '2,4,5,7'),
(611, 134, 'steering type', 'Selectbox', 'power steering , normal steering'),
(612, 134, 'Brake Type', 'Checkbox', 'disc brake,drum brake,air brake'),
(613, 134, 'tyre type', 'Checkbox', 'tubeless , radial'),
(614, 134, 'no of doors', 'Selectbox', '2,3,4,5'),
(615, 135, 'fuel type', 'Selectbox', 'petrol , diesel'),
(616, 135, 'Max Power', 'Textbox', ''),
(617, 135, 'engine displacement', 'Textbox', ''),
(618, 135, 'fuel supply system', 'Selectbox', 'CRDi , Direct Injection , EFI , MPFi'),
(619, 135, 'turbo Charger', 'Boolean', ''),
(620, 135, 'super Charger', 'Boolean', ''),
(621, 136, 'Length', 'Textbox', ''),
(622, 136, 'Width', 'Textbox', ''),
(623, 136, 'Height', 'Textbox', ''),
(624, 136, 'Gross Weight', 'Textbox', ''),
(625, 137, 'owner name', 'Textbox', ''),
(626, 137, 'RTO parsing year', 'Textbox', ''),
(627, 138, 'color', 'Textbox', ''),
(628, 138, 'gear box', 'Selectbox', '5 speed , 6 speed , 7speed , 8 speed , 9 speed , auto gear'),
(629, 138, 'Seating Capacity', 'Selectbox', '2,4,5,7'),
(630, 138, 'steering type', 'Selectbox', 'power steering , normal steering'),
(631, 138, 'Brake Type', 'Checkbox', 'disc brake,drum brake,air brake'),
(632, 138, 'tyre type', 'Checkbox', 'tubeless , radial'),
(633, 138, 'no of doors', 'Selectbox', '2,3,4,5'),
(634, 139, 'fuel type', 'Selectbox', 'petrol , diesel'),
(635, 139, 'Max Power', 'Textbox', ''),
(636, 139, 'engine displacement', 'Textbox', ''),
(637, 139, 'fuel supply system', 'Selectbox', 'CRDi , Direct Injection , EFI , MPFi'),
(638, 139, 'turbo Charger', 'Boolean', ''),
(639, 139, 'super Charger', 'Boolean', ''),
(640, 140, 'Length', 'Textbox', ''),
(641, 140, 'Width', 'Textbox', ''),
(642, 140, 'Height', 'Textbox', ''),
(643, 140, 'Gross Weight', 'Textbox', ''),
(644, 141, 'owner name', 'Textbox', ''),
(645, 141, 'RTO parsing year', 'Textbox', ''),
(646, 142, 'color', 'Textbox', ''),
(647, 142, 'gear box', 'Selectbox', '5 speed , 6 speed , 7speed , 8 speed , 9 speed , auto gear'),
(648, 142, 'Seating Capacity', 'Selectbox', '2,4,5,7'),
(649, 142, 'steering type', 'Selectbox', 'power steering , normal steering'),
(650, 142, 'Brake Type', 'Checkbox', 'disc brake,drum brake,air brake'),
(651, 142, 'tyre type', 'Checkbox', 'tubeless , radial'),
(652, 142, 'no of doors', 'Selectbox', '2,3,4,5'),
(653, 143, 'fuel type', 'Selectbox', 'petrol , diesel'),
(654, 143, 'Max Power', 'Textbox', ''),
(655, 143, 'engine displacement', 'Textbox', ''),
(656, 143, 'fuel supply system', 'Selectbox', 'CRDi , Direct Injection , EFI , MPFi'),
(657, 143, 'turbo Charger', 'Boolean', ''),
(658, 143, 'super Charger', 'Boolean', ''),
(659, 144, 'Length', 'Textbox', ''),
(660, 144, 'Width', 'Textbox', ''),
(661, 144, 'Height', 'Textbox', ''),
(662, 144, 'Gross Weight', 'Textbox', ''),
(663, 145, 'owner name', 'Textbox', ''),
(664, 145, 'RTO parsing year', 'Textbox', ''),
(665, 146, 'color', 'Textbox', ''),
(666, 146, 'gear box', 'Selectbox', '5 speed , 6 speed , 7speed , 8 speed , 9 speed , auto gear'),
(667, 146, 'Seating Capacity', 'Selectbox', '2,4,5,7'),
(668, 146, 'steering type', 'Selectbox', 'power steering , normal steering'),
(669, 146, 'Brake Type', 'Checkbox', 'disc brake,drum brake,air brake'),
(670, 146, 'tyre type', 'Checkbox', 'tubeless , radial'),
(671, 146, 'no of doors', 'Selectbox', '2,3,4,5'),
(672, 147, 'fuel type', 'Selectbox', 'petrol , diesel'),
(673, 147, 'Max Power', 'Textbox', ''),
(674, 147, 'engine displacement', 'Textbox', ''),
(675, 147, 'fuel supply system', 'Selectbox', 'CRDi , Direct Injection , EFI , MPFi'),
(676, 147, 'turbo Charger', 'Boolean', ''),
(677, 147, 'super Charger', 'Boolean', ''),
(678, 148, 'Length', 'Textbox', ''),
(679, 148, 'Width', 'Textbox', ''),
(680, 148, 'Height', 'Textbox', ''),
(681, 148, 'Gross Weight', 'Textbox', ''),
(682, 149, 'owner name', 'Textbox', ''),
(683, 149, 'RTO parsing year', 'Textbox', ''),
(684, 150, 'color', 'Textbox', ''),
(685, 150, 'gear box', 'Selectbox', '5 speed , 6 speed , 7speed , 8 speed , 9 speed , auto gear'),
(686, 150, 'Seating Capacity', 'Selectbox', '2,4,5,7'),
(687, 150, 'steering type', 'Selectbox', 'power steering , normal steering'),
(688, 150, 'Brake Type', 'Checkbox', 'disc brake,drum brake,air brake'),
(689, 150, 'tyre type', 'Checkbox', 'tubeless , radial'),
(690, 150, 'no of doors', 'Selectbox', '2,3,4,5'),
(691, 151, 'fuel supply system', 'Selectbox', 'CRDi , Direct Injection , EFI , MPFi'),
(692, 151, 'turbo Charger', 'Boolean', ''),
(693, 151, 'super Charger', 'Boolean', ''),
(694, 152, 'Length', 'Textbox', ''),
(695, 152, 'Width', 'Textbox', ''),
(696, 152, 'Height', 'Textbox', ''),
(697, 152, 'Gross Weight', 'Textbox', ''),
(698, 153, 'owner name', 'Textbox', ''),
(699, 153, 'RTO parsing year', 'Textbox', ''),
(700, 154, 'color', 'Textbox', ''),
(701, 154, 'gear box', 'Selectbox', '5 speed , 6 speed , 7speed , 8 speed , 9 speed , auto gear'),
(702, 154, 'Seating Capacity', 'Selectbox', '2,4,5,7'),
(703, 154, 'steering type', 'Selectbox', 'power steering , normal steering'),
(704, 154, 'Brake Type', 'Checkbox', 'disc brake,drum brake,air brake'),
(705, 154, 'tyre type', 'Checkbox', 'tubeless , radial'),
(706, 154, 'no of doors', 'Selectbox', '2,3,4,5'),
(707, 155, 'fuel type', 'Selectbox', 'petrol , diesel'),
(708, 155, 'Max Power', 'Textbox', ''),
(709, 155, 'engine displacement', 'Textbox', ''),
(710, 155, 'fuel supply system', 'Selectbox', 'CRDi , Direct Injection , EFI , MPFi'),
(711, 155, 'turbo Charger', 'Boolean', ''),
(712, 155, 'super Charger', 'Boolean', ''),
(713, 156, 'Length', 'Textbox', ''),
(714, 156, 'Width', 'Textbox', ''),
(715, 156, 'Gross Weight', 'Textbox', ''),
(716, 157, 'owner name', 'Textbox', ''),
(717, 157, 'RTO parsing year', 'Textbox', ''),
(718, 158, 'color', 'Textbox', ''),
(719, 158, 'gear box', 'Selectbox', '5 speed , 6 speed , 7speed , 8 speed , 9 speed , auto gear'),
(720, 158, 'Seating Capacity', 'Selectbox', '2,4,5,7'),
(721, 158, 'steering type', 'Selectbox', 'power steering , normal steering'),
(722, 158, 'Brake Type', 'Checkbox', 'disc brake,drum brake,air brake'),
(723, 158, 'tyre type', 'Checkbox', 'tubeless , radial'),
(724, 158, 'no of doors', 'Selectbox', '2,3,4,5'),
(725, 159, 'fuel type', 'Selectbox', 'petrol , diesel'),
(726, 159, 'Max Power', 'Textbox', ''),
(727, 159, 'engine displacement', 'Textbox', ''),
(728, 159, 'fuel supply system', 'Selectbox', 'CRDi , Direct Injection , EFI , MPFi'),
(729, 159, 'turbo Charger', 'Boolean', ''),
(730, 159, 'super Charger', 'Boolean', ''),
(731, 160, 'Length', 'Textbox', ''),
(732, 160, 'Width', 'Textbox', ''),
(733, 160, 'Height', 'Textbox', ''),
(734, 160, 'Gross Weight', 'Textbox', ''),
(735, 161, 'owner name', 'Textbox', ''),
(736, 161, 'RTO parsing year', 'Textbox', ''),
(737, 162, 'color', 'Textbox', ''),
(738, 162, 'gear box', 'Selectbox', '5 speed , 6 speed , 7speed , 8 speed , 9 speed , auto gear'),
(739, 162, 'Seating Capacity', 'Selectbox', '2,4,5,7'),
(740, 162, 'steering type', 'Selectbox', 'power steering , normal steering'),
(741, 162, 'Brake Type', 'Checkbox', 'disc brake,drum brake,air brake'),
(742, 162, 'tyre type', 'Checkbox', 'tubeless , radial'),
(743, 162, 'no of doors', 'Selectbox', '2,3,4,5'),
(744, 163, 'fuel type', 'Selectbox', 'petrol , diesel'),
(745, 163, 'Max Power', 'Textbox', ''),
(746, 163, 'engine displacement', 'Textbox', ''),
(747, 163, 'fuel supply system', 'Selectbox', 'CRDi , Direct Injection , EFI , MPFi'),
(748, 163, 'turbo Charger', 'Boolean', ''),
(749, 163, 'super Charger', 'Boolean', ''),
(750, 164, 'Length', 'Textbox', ''),
(751, 164, 'Width', 'Textbox', ''),
(752, 164, 'Height', 'Textbox', ''),
(753, 164, 'Gross Weight', 'Textbox', ''),
(754, 165, 'owner name', 'Textbox', ''),
(755, 165, 'RTO parsing year', 'Textbox', ''),
(756, 166, 'color', 'Textbox', ''),
(757, 166, 'gear box', 'Selectbox', '5 speed , 6 speed , 7speed , 8 speed , 9 speed , auto gear'),
(758, 166, 'Seating Capacity', 'Selectbox', '2,4,5,7'),
(759, 166, 'steering type', 'Selectbox', 'power steering , normal steering'),
(760, 166, 'Brake Type', 'Checkbox', 'disc brake,drum brake,air brake'),
(761, 166, 'tyre type', 'Checkbox', 'tubeless , radial'),
(762, 166, 'no of doors', 'Selectbox', '2,3,4,5'),
(763, 167, 'fuel type', 'Selectbox', 'petrol , diesel'),
(764, 167, 'Max Power', 'Textbox', ''),
(765, 167, 'engine displacement', 'Textbox', ''),
(766, 167, 'fuel supply system', 'Selectbox', 'CRDi , Direct Injection , EFI , MPFi'),
(767, 167, 'turbo Charger', 'Boolean', ''),
(768, 167, 'super Charger', 'Boolean', ''),
(769, 168, 'Length', 'Textbox', ''),
(770, 168, 'Width', 'Textbox', ''),
(771, 168, 'Height', 'Textbox', ''),
(772, 168, 'Gross Weight', 'Textbox', ''),
(773, 169, 'owner name', 'Textbox', ''),
(774, 169, 'RTO parsing year', 'Textbox', ''),
(775, 170, 'color', 'Textbox', ''),
(776, 170, 'gear box', 'Selectbox', '5 speed , 6 speed , 7speed , 8 speed , 9 speed , auto gear'),
(777, 170, 'Seating Capacity', 'Selectbox', '2,4,5,7'),
(778, 170, 'steering type', 'Selectbox', 'power steering , normal steering'),
(779, 170, 'Brake Type', 'Checkbox', 'disc brake,drum brake,air brake'),
(780, 170, 'tyre type', 'Checkbox', 'tubeless , radial'),
(781, 170, 'no of doors', 'Selectbox', '2,3,4,5'),
(782, 171, 'fuel type', 'Selectbox', 'petrol , diesel'),
(783, 171, 'Max Power', 'Textbox', ''),
(784, 171, 'engine displacement', 'Textbox', ''),
(785, 171, 'fuel supply system', 'Selectbox', 'CRDi , Direct Injection , EFI , MPFi'),
(786, 171, 'turbo Charger', 'Boolean', ''),
(787, 171, 'super Charger', 'Boolean', ''),
(788, 172, 'Length', 'Textbox', ''),
(789, 172, 'Width', 'Textbox', ''),
(790, 172, 'Height', 'Textbox', ''),
(791, 172, 'Gross Weight', 'Textbox', ''),
(792, 173, 'owner name', 'Textbox', ''),
(793, 173, 'RTO parsing year', 'Textbox', ''),
(794, 174, 'color', 'Textbox', ''),
(795, 174, 'gear box', 'Selectbox', '5 speed , 6 speed , 7speed , 8 speed , 9 speed , auto gear'),
(796, 174, 'Seating Capacity', 'Selectbox', '2,4,5,7'),
(797, 174, 'steering type', 'Selectbox', 'power steering , normal steering'),
(798, 174, 'Brake Type', 'Checkbox', 'disc brake,drum brake,air brake'),
(799, 174, 'tyre type', 'Checkbox', 'tubeless , radial'),
(800, 174, 'no of doors', 'Selectbox', '2,3,4,5'),
(801, 175, 'fuel type', 'Selectbox', 'petrol , diesel'),
(802, 175, 'Max Power', 'Textbox', ''),
(803, 175, 'engine displacement', 'Textbox', ''),
(804, 175, 'fuel supply system', 'Selectbox', 'CRDi , Direct Injection , EFI , MPFi'),
(805, 175, 'turbo Charger', 'Boolean', ''),
(806, 175, 'super Charger', 'Boolean', ''),
(807, 176, 'Length', 'Textbox', ''),
(808, 176, 'Width', 'Textbox', ''),
(809, 176, 'Height', 'Textbox', ''),
(810, 176, 'Gross Weight', 'Textbox', ''),
(811, 177, 'owner name', 'Textbox', ''),
(812, 177, 'RTO parsing year', 'Textbox', ''),
(813, 178, 'color', 'Textbox', ''),
(814, 178, 'gear box', 'Selectbox', '5 speed , 6 speed , 7speed , 8 speed , 9 speed , auto gear'),
(815, 178, 'Seating Capacity', 'Selectbox', '2,4,5,7'),
(816, 178, 'steering type', 'Selectbox', 'power steering , normal steering'),
(817, 178, 'Brake Type', 'Checkbox', 'disc brake,drum brake,air brake'),
(818, 178, 'tyre type', 'Checkbox', 'tubeless , radial'),
(819, 178, 'no of doors', 'Selectbox', '2,3,4,5'),
(820, 179, 'fuel type', 'Selectbox', 'petrol , diesel'),
(821, 179, 'Max Power', 'Textbox', ''),
(822, 179, 'engine displacement', 'Textbox', ''),
(823, 179, 'fuel supply system', 'Selectbox', 'CRDi , Direct Injection , EFI , MPFi'),
(824, 179, 'turbo Charger', 'Boolean', ''),
(825, 179, 'super Charger', 'Boolean', ''),
(826, 180, 'Length', 'Textbox', ''),
(827, 180, 'Width', 'Textbox', ''),
(828, 180, 'Height', 'Textbox', ''),
(829, 180, 'Gross Weight', 'Textbox', ''),
(830, 181, 'owner name', 'Textbox', ''),
(831, 181, 'RTO parsing year', 'Textbox', ''),
(832, 182, 'color', 'Textbox', ''),
(833, 182, 'gear box', 'Selectbox', '5 speed , 6 speed , 7speed , 8 speed , 9 speed , auto gear'),
(834, 182, 'Seating Capacity', 'Selectbox', '2,4,5,7'),
(835, 182, 'steering type', 'Selectbox', 'power steering , normal steering'),
(836, 182, 'Brake Type', 'Checkbox', 'disc brake,drum brake,air brake'),
(837, 182, 'tyre type', 'Checkbox', 'tubeless , radial'),
(838, 182, 'no of doors', 'Selectbox', '2,3,4,5'),
(839, 183, 'fuel type', 'Selectbox', 'petrol , diesel'),
(840, 183, 'Max Power', 'Textbox', ''),
(841, 183, 'engine displacement', 'Textbox', ''),
(842, 183, 'fuel supply system', 'Selectbox', 'CRDi , Direct Injection , EFI , MPFi'),
(843, 183, 'turbo Charger', 'Boolean', ''),
(844, 183, 'super Charger', 'Boolean', ''),
(845, 184, 'Length', 'Textbox', ''),
(846, 184, 'Width', 'Textbox', ''),
(847, 184, 'Height', 'Textbox', ''),
(848, 184, 'Gross Weight', 'Textbox', ''),
(849, 185, 'owner name', 'Textbox', ''),
(850, 185, 'RTO parsing year', 'Textbox', ''),
(851, 186, 'color', 'Textbox', ''),
(852, 186, 'gear box', 'Selectbox', '5 speed , 6 speed , 7speed , 8 speed , 9 speed , auto gear'),
(853, 186, 'Seating Capacity', 'Selectbox', '2,4,5,7'),
(854, 186, 'steering type', 'Selectbox', 'power steering , normal steering'),
(855, 186, 'Brake Type', 'Checkbox', 'disc brake,drum brake,air brake'),
(856, 186, 'tyre type', 'Checkbox', 'tubeless , radial'),
(857, 186, 'no of doors', 'Selectbox', '2,3,4,5'),
(858, 187, 'fuel type', 'Selectbox', 'petrol , diesel'),
(859, 187, 'Max Power', 'Textbox', ''),
(860, 187, 'engine displacement', 'Textbox', ''),
(861, 187, 'fuel supply system', 'Selectbox', 'CRDi , Direct Injection , EFI , MPFi'),
(862, 187, 'turbo Charger', 'Boolean', ''),
(863, 187, 'super Charger', 'Boolean', ''),
(864, 188, 'Length', 'Textbox', ''),
(865, 188, 'Width', 'Textbox', ''),
(866, 188, 'Height', 'Textbox', ''),
(867, 188, 'Gross Weight', 'Textbox', ''),
(868, 189, 'owner name', 'Textbox', ''),
(869, 189, 'RTO parsing year', 'Textbox', ''),
(870, 190, 'color', 'Textbox', ''),
(871, 190, 'gear box', 'Selectbox', '5 speed , 6 speed , 7speed , 8 speed , 9 speed , auto gear'),
(872, 190, 'Seating Capacity', 'Selectbox', '2,4,5,7'),
(873, 190, 'steering type', 'Selectbox', 'power steering , normal steering'),
(874, 190, 'Brake Type', 'Checkbox', 'disc brake,drum brake,air brake'),
(875, 190, 'tyre type', 'Checkbox', 'tubeless , radial'),
(876, 190, 'no of doors', 'Selectbox', '2,3,4,5'),
(877, 191, 'fuel type', 'Selectbox', 'petrol , diesel'),
(878, 191, 'Max Power', 'Textbox', ''),
(879, 191, 'engine displacement', 'Textbox', ''),
(880, 191, 'fuel supply system', 'Selectbox', 'CRDi , Direct Injection , EFI , MPFi'),
(881, 191, 'turbo Charger', 'Boolean', ''),
(882, 191, 'super Charger', 'Boolean', ''),
(883, 192, 'Length', 'Textbox', ''),
(884, 192, 'Width', 'Textbox', ''),
(885, 192, 'Height', 'Textbox', ''),
(886, 192, 'Gross Weight', 'Textbox', ''),
(887, 193, 'owner name', 'Textbox', ''),
(888, 193, 'RTO parsing year', 'Textbox', ''),
(889, 194, 'color', 'Textbox', ''),
(890, 194, 'gear box', 'Selectbox', '5 speed , 6 speed , 7speed , 8 speed , 9 speed , auto gear'),
(891, 194, 'Seating Capacity', 'Selectbox', '2,4,5,7'),
(892, 194, 'steering type', 'Selectbox', 'power steering , normal steering'),
(893, 194, 'Brake Type', 'Checkbox', 'disc brake,drum brake,air brake'),
(894, 194, 'tyre type', 'Checkbox', 'tubeless , radial'),
(895, 194, 'no of doors', 'Selectbox', '2,3,4,5'),
(896, 195, 'fuel type', 'Selectbox', 'petrol , diesel'),
(897, 195, 'Max Power', 'Textbox', ''),
(898, 195, 'engine displacement', 'Textbox', ''),
(899, 195, 'fuel supply system', 'Selectbox', 'CRDi , Direct Injection , EFI , MPFi'),
(900, 195, 'turbo Charger', 'Boolean', ''),
(901, 195, 'super Charger', 'Boolean', ''),
(902, 196, 'Length', 'Textbox', ''),
(903, 196, 'Width', 'Textbox', ''),
(904, 196, 'Height', 'Textbox', ''),
(905, 196, 'Gross Weight', 'Textbox', ''),
(906, 197, 'owner name', 'Textbox', ''),
(907, 197, 'RTO parsing year', 'Textbox', ''),
(908, 198, 'color', 'Textbox', ''),
(909, 198, 'gear box', 'Selectbox', '5 speed , 6 speed , 7speed , 8 speed , 9 speed , auto gear'),
(910, 198, 'Seating Capacity', 'Selectbox', '2,4,5,7'),
(911, 198, 'steering type', 'Selectbox', 'power steering , normal steering'),
(912, 198, 'Brake Type', 'Checkbox', 'disc brake,drum brake,air brake'),
(913, 198, 'tyre type', 'Checkbox', 'tubeless , radial'),
(914, 198, 'no of doors', 'Selectbox', '2,3,4,5'),
(915, 199, 'fuel type', 'Selectbox', 'petrol , diesel'),
(916, 199, 'Max Power', 'Textbox', ''),
(917, 199, 'engine displacement', 'Textbox', ''),
(918, 199, 'fuel supply system', 'Selectbox', 'CRDi , Direct Injection , EFI , MPFi'),
(919, 199, 'turbo Charger', 'Boolean', ''),
(920, 199, 'super Charger', 'Boolean', ''),
(921, 200, 'Length', 'Textbox', ''),
(922, 200, 'Width', 'Textbox', ''),
(923, 200, 'Height', 'Textbox', ''),
(924, 200, 'Gross Weight', 'Textbox', ''),
(925, 201, 'owner name', 'Textbox', ''),
(926, 201, 'RTO parsing year', 'Textbox', ''),
(927, 202, 'color', 'Textbox', ''),
(928, 202, 'gear box', 'Selectbox', '5 speed , 6 speed , 7speed , 8 speed , 9 speed , auto gear'),
(929, 202, 'Seating Capacity', 'Selectbox', '2,4,5,7'),
(930, 202, 'steering type', 'Selectbox', 'power steering , normal steering'),
(931, 202, 'Brake Type', 'Checkbox', 'disc brake,drum brake,air brake'),
(932, 202, 'tyre type', 'Checkbox', 'tubeless , radial'),
(933, 202, 'no of doors', 'Selectbox', '2,3,4,5'),
(934, 203, 'fuel type', 'Selectbox', 'petrol , diesel'),
(935, 203, 'Max Power', 'Textbox', ''),
(936, 203, 'engine displacement', 'Textbox', ''),
(937, 203, 'fuel supply system', 'Selectbox', 'CRDi , Direct Injection , EFI , MPFi'),
(938, 203, 'turbo Charger', 'Boolean', ''),
(939, 203, 'super Charger', 'Boolean', ''),
(940, 204, 'Length', 'Textbox', ''),
(941, 204, 'Width', 'Textbox', ''),
(942, 204, 'Height', 'Textbox', ''),
(943, 204, 'Gross Weight', 'Textbox', ''),
(944, 205, 'owner name', 'Textbox', ''),
(945, 205, 'RTO parsing year', 'Textbox', ''),
(946, 206, 'color', 'Textbox', ''),
(947, 206, 'gear box', 'Selectbox', '5 speed , 6 speed , 7speed , 8 speed , 9 speed , auto gear'),
(948, 206, 'Seating Capacity', 'Selectbox', '2,4,5,7'),
(949, 206, 'steering type', 'Selectbox', 'power steering , normal steering'),
(950, 206, 'Brake Type', 'Checkbox', 'disc brake,drum brake,air brake'),
(951, 206, 'tyre type', 'Checkbox', 'tubeless , radial'),
(952, 206, 'no of doors', 'Selectbox', '2,3,4,5'),
(953, 207, 'fuel type', 'Selectbox', 'petrol , diesel'),
(954, 207, 'Max Power', 'Textbox', ''),
(955, 207, 'engine displacement', 'Textbox', ''),
(956, 207, 'fuel supply system', 'Selectbox', 'CRDi , Direct Injection , EFI , MPFi'),
(957, 207, 'turbo Charger', 'Boolean', ''),
(958, 207, 'super Charger', 'Boolean', ''),
(959, 208, 'Length', 'Textbox', ''),
(960, 208, 'Width', 'Textbox', ''),
(961, 208, 'Height', 'Textbox', ''),
(962, 208, 'Gross Weight', 'Textbox', ''),
(963, 209, 'owner name', 'Textbox', ''),
(964, 209, 'RTO parsing year', 'Textbox', ''),
(965, 210, 'color', 'Textbox', ''),
(966, 210, 'gear box', 'Selectbox', '5 speed , 6 speed , 7speed , 8 speed , 9 speed , auto gear'),
(967, 210, 'Seating Capacity', 'Selectbox', '2,4,5,7'),
(968, 210, 'steering type', 'Selectbox', 'power steering , normal steering'),
(969, 210, 'Brake Type', 'Checkbox', 'disc brake,drum brake,air brake'),
(970, 210, 'tyre type', 'Checkbox', 'tubeless , radial'),
(971, 210, 'no of doors', 'Selectbox', '2,3,4,5'),
(972, 211, 'fuel type', 'Selectbox', 'petrol , diesel'),
(973, 211, 'Max Power', 'Textbox', ''),
(974, 211, 'engine displacement', 'Textbox', ''),
(975, 211, 'fuel supply system', 'Selectbox', 'CRDi , Direct Injection , EFI , MPFi'),
(976, 211, 'turbo Charger', 'Boolean', ''),
(977, 211, 'super Charger', 'Boolean', ''),
(978, 212, 'Length', 'Textbox', ''),
(979, 212, 'Width', 'Textbox', ''),
(980, 212, 'Height', 'Textbox', ''),
(981, 212, 'Gross Weight', 'Textbox', ''),
(982, 213, 'owner name', 'Textbox', ''),
(983, 213, 'RTO parsing year', 'Textbox', ''),
(984, 214, 'color', 'Textbox', ''),
(985, 214, 'gear box', 'Selectbox', '5 speed , 6 speed , 7speed , 8 speed , 9 speed , auto gear'),
(986, 214, 'Seating Capacity', 'Selectbox', '2,4,5,7'),
(987, 214, 'steering type', 'Selectbox', 'power steering , normal steering'),
(988, 214, 'Brake Type', 'Checkbox', 'disc brake,drum brake,air brake'),
(989, 214, 'tyre type', 'Checkbox', 'tubeless , radial'),
(990, 214, 'no of doors', 'Selectbox', '2,3,4,5'),
(991, 215, 'fuel type', 'Selectbox', 'petrol , diesel'),
(992, 215, 'Max Power', 'Textbox', ''),
(993, 215, 'engine displacement', 'Textbox', ''),
(994, 215, 'fuel supply system', 'Selectbox', 'CRDi , Direct Injection , EFI , MPFi');
INSERT INTO `tbl_attribute` (`attribute_id`, `set_id`, `attribute_name`, `attribute_type`, `attribute_value`) VALUES
(995, 215, 'turbo Charger', 'Boolean', ''),
(996, 215, 'super Charger', 'Boolean', ''),
(997, 216, 'Length', 'Textbox', ''),
(998, 216, 'Width', 'Textbox', ''),
(999, 216, 'Height', 'Textbox', ''),
(1000, 216, 'Gross Weight', 'Textbox', ''),
(1001, 217, 'owner name', 'Textbox', ''),
(1002, 217, 'RTO parsing year', 'Textbox', ''),
(1003, 218, 'color', 'Textbox', ''),
(1004, 218, 'gear box', 'Selectbox', '5 speed , 6 speed , 7speed , 8 speed , 9 speed , auto gear'),
(1005, 218, 'Seating Capacity', 'Selectbox', '2,4,5,7'),
(1006, 218, 'steering type', 'Selectbox', 'power steering , normal steering'),
(1007, 218, 'Brake Type', 'Checkbox', 'disc brake,drum brake,air brake'),
(1008, 218, 'tyre type', 'Checkbox', 'tubeless , radial'),
(1009, 218, 'no of doors', 'Selectbox', '2,3,4,5'),
(1010, 219, 'fuel type', 'Selectbox', 'petrol , diesel'),
(1011, 219, 'Max Power', 'Textbox', ''),
(1012, 219, 'engine displacement', 'Textbox', ''),
(1013, 219, 'fuel supply system', 'Selectbox', 'CRDi , Direct Injection , EFI , MPFi'),
(1014, 219, 'turbo Charger', 'Boolean', ''),
(1015, 219, 'super Charger', 'Boolean', ''),
(1016, 220, 'Length', 'Textbox', ''),
(1017, 220, 'Width', 'Textbox', ''),
(1018, 220, 'Height', 'Textbox', ''),
(1019, 220, 'Gross Weight', 'Textbox', ''),
(1020, 221, 'owner name', 'Textbox', ''),
(1021, 221, 'RTO parsing year', 'Textbox', ''),
(1022, 222, 'color', 'Textbox', ''),
(1023, 222, 'gear box', 'Selectbox', '5 speed , 6 speed , 7speed , 8 speed , 9 speed , auto gear'),
(1024, 222, 'Seating Capacity', 'Selectbox', '2,4,5,7'),
(1025, 222, 'steering type', 'Selectbox', 'power steering , normal steering'),
(1026, 222, 'Brake Type', 'Checkbox', 'disc brake,drum brake,air brake'),
(1027, 222, 'tyre type', 'Checkbox', 'tubeless , radial'),
(1028, 222, 'no of doors', 'Selectbox', '2,3,4,5'),
(1029, 223, 'fuel type', 'Selectbox', 'petrol , diesel'),
(1030, 223, 'Max Power', 'Textbox', ''),
(1031, 223, 'engine displacement', 'Textbox', ''),
(1032, 223, 'fuel supply system', 'Selectbox', 'CRDi , Direct Injection , EFI , MPFi'),
(1033, 223, 'turbo Charger', 'Boolean', ''),
(1034, 223, 'super Charger', 'Textbox', ''),
(1035, 224, 'Length', 'Textbox', ''),
(1036, 224, 'Width', 'Textbox', ''),
(1037, 224, 'Height', 'Textbox', ''),
(1038, 224, 'Gross Weight', 'Textbox', ''),
(1039, 225, 'owner name', 'Textbox', ''),
(1040, 225, 'RTO parsing year', 'Textbox', ''),
(1041, 226, 'color', 'Textbox', ''),
(1042, 226, 'gear box', 'Selectbox', '5 speed , 6 speed , 7speed , 8 speed , 9 speed , auto gear'),
(1043, 226, 'Seating Capacity', 'Selectbox', '2,4,5,7'),
(1044, 226, 'steering type', 'Selectbox', 'power steering , normal steering'),
(1045, 226, 'Brake Type', 'Checkbox', 'disc brake,drum brake,air brake'),
(1046, 226, 'tyre type', 'Checkbox', 'tubeless , radial'),
(1047, 226, 'no of doors', 'Selectbox', '2,3,4,5'),
(1048, 227, 'fuel type', 'Selectbox', 'petrol , diesel'),
(1049, 227, 'Max Power', 'Textbox', ''),
(1050, 227, 'engine displacement', 'Textbox', ''),
(1051, 227, 'fuel supply system', 'Selectbox', 'CRDi , Direct Injection , EFI , MPFi'),
(1052, 227, 'turbo Charger', 'Boolean', ''),
(1053, 227, 'super Charger', 'Boolean', ''),
(1054, 228, 'Length', 'Textbox', ''),
(1055, 228, 'Width', 'Textbox', ''),
(1056, 228, 'Height', 'Textbox', ''),
(1057, 228, 'Gross Weight', 'Textbox', ''),
(1058, 229, 'owner name', 'Textbox', ''),
(1059, 229, 'RTO parsing year', 'Textbox', ''),
(1060, 230, 'color', 'Textbox', ''),
(1061, 230, 'gear box', 'Selectbox', '5 speed , 6 speed , 7speed , 8 speed , 9 speed , auto gear'),
(1062, 230, 'Seating Capacity', 'Selectbox', '2,4,5,7'),
(1063, 230, 'steering type', 'Selectbox', 'power steering , normal steering'),
(1064, 230, 'Brake Type', 'Checkbox', 'disc brake,drum brake,air brake'),
(1065, 230, 'tyre type', 'Checkbox', 'tubeless , radial'),
(1066, 230, 'no of doors', 'Selectbox', '2,3,4,5'),
(1067, 231, 'fuel type', 'Selectbox', 'petrol , diesel'),
(1068, 231, 'Max Power', 'Textbox', ''),
(1069, 231, 'engine displacement', 'Textbox', ''),
(1070, 231, 'fuel supply system', 'Selectbox', 'CRDi , Direct Injection , EFI , MPFi'),
(1071, 231, 'turbo Charger', 'Boolean', ''),
(1072, 231, 'super Charger', 'Boolean', ''),
(1073, 232, 'Length', 'Textbox', ''),
(1074, 232, 'Width', 'Textbox', ''),
(1075, 232, 'Height', 'Textbox', ''),
(1076, 232, 'Gross Weight', 'Textbox', ''),
(1077, 233, 'owner name', 'Textbox', ''),
(1078, 233, 'rto parsing year', 'Textbox', ''),
(1079, 234, 'color', 'Textbox', ''),
(1080, 234, 'gear box', 'Selectbox', '5 Speed , 6 Speed , 7speed , 8 Speed , 9 Speed , Auto Gear'),
(1081, 234, 'Seating Capacity', 'Selectbox', '2,4,5,7'),
(1082, 234, 'Steering Type', 'Selectbox', 'power stearing , normal stearing'),
(1083, 234, 'brake type', 'Checkbox', 'Disc Brake,Drum Brake,Air Brake'),
(1084, 234, 'tyre type', 'Selectbox', 'Tubeless , Radial'),
(1085, 234, 'no of doors', 'Selectbox', '2,3,4,5'),
(1086, 235, 'fuel type', 'Selectbox', 'Petrol , Diesel , CNG'),
(1087, 235, 'max power', 'Textbox', ''),
(1088, 235, 'engine displacement', 'Textbox', ''),
(1089, 235, 'fuel supply system', 'Selectbox', 'CRDi , Direct Injection , EFI , MPFi'),
(1090, 235, 'turbo charger', 'Boolean', ''),
(1091, 235, 'super charger', 'Boolean', ''),
(1092, 236, 'length', 'Textbox', ''),
(1093, 236, 'width', 'Textbox', ''),
(1094, 236, 'height', 'Textbox', ''),
(1095, 236, 'gross weight', 'Textbox', ''),
(1096, 151, 'fuel type', 'Textbox', ''),
(1097, 151, 'engine displacement', 'Textbox', ''),
(1098, 151, 'Max Power', 'Textbox', ''),
(1099, 237, 'owner name', 'Textbox', ''),
(1100, 237, 'RTO parsing year', 'Textbox', ''),
(1101, 238, 'color', 'Textbox', ''),
(1102, 238, 'gear box', 'Selectbox', '5 speed , 6 speed ,  7 speed, 8 speed, 9 speed ,auto gear'),
(1103, 238, 'Seating Capacity', 'Selectbox', '2 ,4 , 5, 7 '),
(1104, 238, 'steering type', 'Selectbox', 'power steering , normal steering'),
(1105, 238, 'Brake Type', 'Checkbox', 'disc brake, drum brake, air brake '),
(1106, 238, 'tyre type', 'Checkbox', 'tubeless , radial'),
(1107, 238, 'no of doors', 'Selectbox', '2,3,4,5'),
(1108, 239, 'fuel type', 'Selectbox', 'petrol , diesel'),
(1109, 239, 'Max Power', 'Textbox', ''),
(1110, 239, 'engine displacement', 'Textbox', ''),
(1111, 239, 'fuel supply system', 'Selectbox', 'CRDI  , Direct Injection , EFi ,MPFi'),
(1112, 239, 'turbo Charger', 'Boolean', ''),
(1113, 239, 'super Charger', 'Boolean', ''),
(1114, 240, 'Length', 'Textbox', ''),
(1115, 240, 'width', 'Textbox', ''),
(1116, 240, 'Height', 'Textbox', ''),
(1117, 240, 'Gross Weight', 'Textbox', ''),
(1118, 241, 'owner name', 'Textbox', ''),
(1119, 241, 'RTO parsing year', 'Textbox', ''),
(1120, 242, 'color', 'Textbox', ''),
(1121, 242, 'gear box', 'Selectbox', '5 speed , 6 speed ,  7 speed, 8 speed, 9 speed ,auto gear'),
(1122, 242, 'Seating Capacity', 'Selectbox', '2 ,4 , 5, 7 '),
(1123, 242, 'steering type', 'Selectbox', 'power steering , normal steering'),
(1124, 242, 'Brake Type', 'Checkbox', 'disc brake, drum brake , air brake'),
(1125, 242, 'tyre type', 'Checkbox', 'tubeless , radial'),
(1126, 242, 'no of doors', 'Selectbox', '2,3,4,5'),
(1127, 243, 'fuel type', 'Selectbox', 'petrol , diesel'),
(1128, 243, 'Max Power', 'Textbox', ''),
(1129, 243, 'engine displacement', 'Textbox', ''),
(1130, 243, 'fuel supply system', 'Selectbox', 'CRDI  , Direct Injection , EFi ,MPFi'),
(1131, 243, 'turbo Charger', 'Boolean', ''),
(1132, 243, 'super Charger', 'Boolean', ''),
(1133, 244, 'Length', 'Textbox', ''),
(1134, 244, 'width', 'Textbox', ''),
(1135, 244, 'Height', 'Textbox', ''),
(1136, 244, 'Gross Weight', 'Textbox', ''),
(1137, 245, 'owner name', 'Textbox', ''),
(1138, 245, 'RTO parsing year', 'Textbox', ''),
(1139, 246, 'color', 'Textbox', ''),
(1140, 246, 'gear box', 'Selectbox', '5 speed , 6 speed ,  7 speed, 8 speed, 9 speed ,auto gear'),
(1141, 246, 'Seating Capacity', 'Selectbox', '2 ,4 , 5, 7 '),
(1142, 246, 'steering type', 'Selectbox', 'power steering , normal steering'),
(1143, 246, 'Brake Type', 'Checkbox', 'disc brake, drum brake , air brake'),
(1144, 246, 'tyre type', 'Checkbox', 'tubeless , radial'),
(1145, 246, 'no of doors', 'Selectbox', '2,3,4,5'),
(1146, 247, 'fuel type', 'Selectbox', 'petrol , diesel'),
(1147, 247, 'Max Power', 'Textbox', ''),
(1148, 247, 'engine displacement', 'Textbox', ''),
(1149, 247, 'fuel supply system', 'Selectbox', 'CRDI  , Direct Injection , EFi ,MPFi'),
(1150, 247, 'turbo Charger', 'Boolean', ''),
(1151, 247, 'super Charger', 'Boolean', ''),
(1152, 248, 'Length', 'Textbox', ''),
(1153, 248, 'width', 'Textbox', ''),
(1154, 248, 'Height', 'Textbox', ''),
(1155, 248, 'Gross Weight', 'Textbox', ''),
(1156, 249, 'owner name', 'Textbox', ''),
(1157, 249, 'RTO parsing year', 'Textbox', ''),
(1158, 250, 'color', 'Textbox', ''),
(1159, 250, 'gear box', 'Selectbox', '5 speed , 6 speed ,  7 speed, 8 speed, 9 speed ,auto gear'),
(1160, 250, 'steering type', 'Selectbox', 'power steering , normal steering'),
(1161, 250, 'Seating Capacity', 'Selectbox', '2 ,4 , 5, 7 '),
(1162, 250, 'Brake Type', 'Checkbox', 'disc brake, drum brake , air brake'),
(1163, 250, 'tyre type', 'Checkbox', 'tubeless , radial'),
(1164, 250, 'no of doors', 'Selectbox', '2 ,4 , 5, 7 '),
(1165, 251, 'fuel type', 'Selectbox', 'petrol , diesel'),
(1166, 251, 'Max Power', 'Textbox', ''),
(1167, 251, 'engine displacement', 'Textbox', ''),
(1168, 251, 'fuel supply system', 'Selectbox', 'CRDI  , Direct Injection , EFi ,MPFi'),
(1169, 251, 'turbo Charger', 'Boolean', ''),
(1170, 251, 'super Charger', 'Boolean', ''),
(1171, 252, 'Length', 'Textbox', ''),
(1172, 252, 'Width', 'Textbox', ''),
(1173, 252, 'Height', 'Textbox', ''),
(1174, 252, 'Gross Weight', 'Textbox', ''),
(1175, 253, 'owner name', 'Textbox', ''),
(1176, 253, 'RTO parsing year', 'Textbox', ''),
(1177, 254, 'color', 'Textbox', ''),
(1178, 254, 'gear box', 'Selectbox', '5 speed , 6 speed ,  7 speed, 8 speed, 9 speed ,auto gear'),
(1179, 254, 'Seating Capacity', 'Selectbox', '2 ,4 , 5, 7 '),
(1180, 254, 'steering type', 'Selectbox', 'power steering , normal steering'),
(1181, 254, 'Brake Type', 'Checkbox', 'disc , drum'),
(1182, 254, 'tyre type', 'Checkbox', 'tubeless , radial'),
(1183, 254, 'no of doors', 'Selectbox', '2,3,4,5'),
(1184, 255, 'fuel type', 'Selectbox', 'petrol , diesel'),
(1185, 255, 'Max Power', 'Textbox', ''),
(1186, 255, 'engine displacement', 'Textbox', ''),
(1187, 255, 'Fuel Supply System', 'Selectbox', 'CRDI  , Direct Injection , EFi ,MPFi'),
(1188, 255, 'turbo Charger', 'Boolean', ''),
(1189, 255, 'super Charger', 'Boolean', ''),
(1190, 256, 'Length', 'Textbox', ''),
(1191, 256, 'Width', 'Textbox', ''),
(1192, 256, 'Height', 'Textbox', ''),
(1193, 256, 'Gross Weight', 'Textbox', ''),
(1194, 257, 'owner name', 'Textbox', ''),
(1195, 257, 'RTO parsing year', 'Textbox', ''),
(1196, 258, 'color', 'Textbox', ''),
(1197, 258, 'gear box', 'Selectbox', '5 speed , 6 speed ,  7 speed, 8 speed, 9 speed ,auto gear'),
(1198, 258, 'Seating Capacity', 'Selectbox', '2 ,4 , 5, 7 '),
(1199, 258, 'steering type', 'Selectbox', 'power steering , normal steering'),
(1200, 258, 'Brake Type', 'Checkbox', 'disc brake, drum brake , air brake'),
(1201, 258, 'tyre type', 'Checkbox', 'tubeless , radial'),
(1202, 258, 'no of doors', 'Selectbox', '2,3,4,5'),
(1203, 259, 'fuel type', 'Selectbox', 'petrol , diesel'),
(1204, 259, 'Max Power', 'Textbox', ''),
(1205, 259, 'engine displacement', 'Textbox', ''),
(1206, 259, 'Fuel Supply System', 'Selectbox', 'CRDI  , Direct Injection , EFi ,MPFi'),
(1207, 259, 'turbo Charger', 'Boolean', ''),
(1208, 259, 'super Charger', 'Boolean', ''),
(1209, 260, 'Length', 'Textbox', ''),
(1210, 260, 'Width', 'Textbox', ''),
(1211, 260, 'height', 'Textbox', ''),
(1212, 260, 'Gross Weight', 'Textbox', ''),
(1213, 261, 'owner name', 'Textbox', ''),
(1214, 261, 'RTO parsing year', 'Textbox', ''),
(1215, 262, 'color', 'Textbox', ''),
(1216, 262, 'gear box', 'Selectbox', '5 speed , 6 speed ,  7 speed, 8 speed, 9 speed ,auto gear'),
(1217, 262, 'Seating Capacity', 'Selectbox', '2 ,4 , 5, 7 '),
(1218, 262, 'steering type', 'Selectbox', 'power steering , normal steering'),
(1219, 262, 'Brake Type', 'Checkbox', 'disc brake, drum brake , air brake'),
(1220, 262, 'tyre type', 'Checkbox', 'tubeless , radial'),
(1221, 262, 'no of doors', 'Selectbox', '2,3,4,5'),
(1222, 263, 'fuel type', 'Textbox', ''),
(1223, 263, 'Max Power', 'Textbox', ''),
(1224, 263, 'engine displacement', 'Textbox', ''),
(1225, 263, 'Fuel Supply System', 'Selectbox', 'CRDI  , Direct Injection , EFi ,MPFi'),
(1226, 263, 'turbo Charger', 'Boolean', ''),
(1227, 263, 'super Charger', 'Boolean', ''),
(1228, 264, 'Length', 'Textbox', ''),
(1229, 264, 'Width', 'Textbox', ''),
(1230, 264, 'Height', 'Textbox', ''),
(1231, 264, 'Gross Weight', 'Textbox', ''),
(1232, 265, 'owner name', 'Textbox', ''),
(1233, 265, 'RTO parsing year', 'Textbox', ''),
(1234, 266, 'color', 'Textbox', ''),
(1235, 266, 'gear box', 'Selectbox', '5 speed , 6 speed , 7 speed , 8 speed , 9 speed , auto gear'),
(1236, 266, 'Seating Capacity', 'Selectbox', '2 ,4 , 5, 7 '),
(1237, 266, 'steering type', 'Selectbox', 'power steering , normal steering'),
(1238, 266, 'Brake Type', 'Checkbox', 'disc brake, drum brake , air brake'),
(1239, 266, 'tyre type', 'Checkbox', 'tubeless , radial'),
(1240, 266, 'no of doors', 'Selectbox', '2,3,4,5'),
(1241, 267, 'fuel type', 'Selectbox', 'petrol , diesel'),
(1242, 267, 'Max Power', 'Textbox', ''),
(1243, 267, 'engine displacement', 'Textbox', ''),
(1244, 267, 'Fuel Supply System', 'Selectbox', 'CRDI  , Direct Injection , EFi ,MPFi'),
(1245, 267, 'turbo Charger', 'Boolean', ''),
(1246, 267, 'super Charger', 'Boolean', ''),
(1247, 268, 'Length', 'Textbox', ''),
(1248, 268, 'Width', 'Textbox', ''),
(1249, 268, 'Height', 'Textbox', ''),
(1250, 268, 'Gross Weight', 'Textbox', '');

-- --------------------------------------------------------

--
-- Table structure for table `tbl_attribute_set`
--

CREATE TABLE `tbl_attribute_set` (
  `set_id` int(5) NOT NULL,
  `category_id` int(5) NOT NULL,
  `set_name` varchar(1500) NOT NULL
) ENGINE=InnoDB DEFAULT CHARSET=latin1;

--
-- Dumping data for table `tbl_attribute_set`
--

INSERT INTO `tbl_attribute_set` (`set_id`, `category_id`, `set_name`) VALUES
(9, 31, 'owner Detail'),
(10, 31, 'overview'),
(11, 31, 'engine'),
(12, 31, 'Dimensions'),
(13, 32, 'owner Detail'),
(14, 32, 'overview'),
(15, 32, 'engine'),
(16, 32, 'Dimensions'),
(17, 34, 'owner Detail'),
(18, 34, 'overview'),
(19, 34, 'engine'),
(20, 34, 'Dimensions'),
(21, 35, 'owner Detail'),
(22, 35, 'overview'),
(23, 35, 'engine'),
(24, 35, 'Dimensions'),
(25, 36, 'owner Detail'),
(26, 36, 'overview'),
(27, 36, 'engine'),
(28, 36, 'Dimensions'),
(29, 37, 'owner Detail'),
(30, 37, 'overview'),
(31, 37, 'engine'),
(32, 37, 'Dimensions'),
(33, 38, 'owner Detail'),
(34, 38, 'overview'),
(35, 38, 'engine'),
(36, 38, 'Dimensions'),
(37, 39, 'owner Detail'),
(38, 39, 'overview'),
(39, 39, 'engine'),
(40, 39, 'Dimensions'),
(41, 40, 'owner Detail'),
(42, 40, 'overview'),
(43, 40, 'engine'),
(44, 40, 'Dimensions'),
(45, 41, 'owner Detail'),
(46, 41, 'overview'),
(47, 41, 'engine'),
(48, 41, 'Dimensions'),
(49, 42, 'owner Detail'),
(50, 42, 'overview'),
(51, 42, 'engine'),
(52, 42, 'Dimensions'),
(53, 43, 'owner Detail'),
(54, 43, 'overview'),
(55, 43, 'engine'),
(56, 43, 'Dimensions'),
(57, 44, 'owner Detail'),
(58, 44, 'overview'),
(59, 44, 'engine'),
(60, 44, 'Dimensions'),
(61, 45, 'overview'),
(62, 45, 'engine'),
(63, 45, 'Dimensions'),
(64, 46, 'owner Detail'),
(65, 46, 'overview'),
(66, 46, 'engine'),
(67, 46, 'Dimensions'),
(68, 45, 'owner Detail'),
(69, 47, 'owner Detail'),
(70, 47, 'overview'),
(71, 47, 'engine'),
(72, 47, 'Dimensions'),
(73, 48, 'owner Detail'),
(74, 48, 'overview'),
(75, 48, 'engine'),
(76, 48, 'Dimensions'),
(77, 49, 'owner Detail'),
(78, 49, 'overview'),
(79, 49, 'engine'),
(80, 49, 'Dimensions'),
(81, 50, 'owner Detail'),
(82, 50, 'overview'),
(83, 50, 'engine'),
(84, 50, 'Dimensions'),
(85, 51, 'owner Detail'),
(86, 51, 'overview'),
(87, 51, 'engine'),
(88, 51, 'Dimensions'),
(89, 52, 'owner Detail'),
(90, 52, 'overview'),
(91, 52, 'engine'),
(92, 52, 'Dimensions'),
(93, 53, 'owner Detail'),
(94, 53, 'overview'),
(95, 53, 'engine'),
(96, 53, 'Dimensions'),
(97, 177, 'owner Detail'),
(98, 177, 'overview'),
(99, 177, 'engine'),
(100, 177, 'Dimensions'),
(101, 178, 'owner Detail'),
(102, 178, 'overview'),
(103, 178, 'engine'),
(104, 178, 'Dimensions'),
(105, 179, 'owner Detail'),
(106, 179, 'overview'),
(107, 179, 'engine'),
(108, 179, 'Dimensions'),
(109, 54, 'owner Detail'),
(110, 54, 'overview'),
(111, 54, 'engine'),
(112, 54, 'Dimensions'),
(113, 57, 'owner Detail'),
(114, 57, 'overview'),
(115, 57, 'engine'),
(116, 57, 'Dimensions'),
(117, 59, 'owner Detail'),
(118, 59, 'overview'),
(119, 59, 'engine'),
(120, 59, 'Dimensions'),
(121, 60, 'owner Detail'),
(122, 60, 'overview'),
(123, 60, 'engine'),
(124, 60, 'Dimensions'),
(125, 61, 'owner Detail'),
(126, 61, 'overview'),
(127, 61, 'engine'),
(128, 61, 'Dimensions'),
(129, 62, 'owner Detail'),
(130, 62, 'overview'),
(131, 62, 'engine'),
(132, 62, 'Dimensions'),
(133, 63, 'owner Detail'),
(134, 63, 'overview'),
(135, 63, 'engine'),
(136, 63, 'Dimensions'),
(137, 64, 'owner Detail'),
(138, 64, 'overview'),
(139, 64, 'engine'),
(140, 64, 'Dimensions'),
(141, 65, 'owner Detail'),
(142, 65, 'overview'),
(143, 65, 'engine'),
(144, 65, 'Dimensions'),
(145, 66, 'owner Detail'),
(146, 66, 'overview'),
(147, 66, 'engine'),
(148, 66, 'Dimensions'),
(149, 67, 'owner Detail'),
(150, 67, 'overview'),
(151, 67, 'engine'),
(152, 67, 'Dimensions'),
(153, 68, 'owner Detail'),
(154, 68, 'overview'),
(155, 68, 'engine'),
(156, 68, 'Dimensions'),
(157, 70, 'owner Detail'),
(158, 70, 'overview'),
(159, 70, 'engine'),
(160, 70, 'Dimensions'),
(161, 71, 'owner Detail'),
(162, 71, 'overview'),
(163, 71, 'engine'),
(164, 71, 'Dimensions'),
(165, 72, 'owner Detail'),
(166, 72, 'overview'),
(167, 72, 'engine'),
(168, 72, 'Dimensions'),
(169, 73, 'owner Detail'),
(170, 73, 'overview'),
(171, 73, 'engine'),
(172, 73, 'Dimensions'),
(173, 74, 'owner Detail'),
(174, 74, 'overview'),
(175, 74, 'engine'),
(176, 74, 'Dimensions'),
(177, 75, 'owner Detail'),
(178, 75, 'overview'),
(179, 75, 'engine'),
(180, 75, 'Dimensions'),
(181, 76, 'owner Detail'),
(182, 76, 'overview'),
(183, 76, 'engine'),
(184, 76, 'Dimensions'),
(185, 77, 'owner Detail'),
(186, 77, 'overview'),
(187, 77, 'engine'),
(188, 77, 'Dimensions'),
(189, 78, 'owner Detail'),
(190, 78, 'overview'),
(191, 78, 'engine'),
(192, 78, 'Dimensions'),
(193, 79, 'owner Detail'),
(194, 79, 'overview'),
(195, 79, 'engine'),
(196, 79, 'Dimensions'),
(197, 80, 'owner Detail'),
(198, 80, 'overview'),
(199, 80, 'engine'),
(200, 80, 'Dimensions'),
(201, 81, 'owner Detail'),
(202, 81, 'overview'),
(203, 81, 'engine'),
(204, 81, 'Dimensions'),
(205, 82, 'owner Detail'),
(206, 82, 'overview'),
(207, 82, 'engine'),
(208, 82, 'Dimensions'),
(209, 84, 'owner Detail'),
(210, 84, 'overview'),
(211, 84, 'engine'),
(212, 84, 'Dimensions'),
(213, 85, 'owner Detail'),
(214, 85, 'overview'),
(215, 85, 'engine'),
(216, 85, 'Dimensions'),
(217, 86, 'owner Detail'),
(218, 86, 'overview'),
(219, 86, 'engine'),
(220, 86, 'Dimensions'),
(221, 87, 'owner Detail'),
(222, 87, 'overview'),
(223, 87, 'engine'),
(224, 87, 'Dimensions'),
(225, 88, 'owner Detail'),
(226, 88, 'overview'),
(227, 88, 'engine'),
(228, 88, 'Dimensions'),
(229, 283, 'owner Detail'),
(230, 283, 'overview'),
(231, 283, 'engine'),
(232, 283, 'Dimensions'),
(233, 285, 'owner name'),
(234, 285, 'overview'),
(235, 285, 'engine'),
(236, 285, 'dimensions'),
(237, 290, 'owner Detail'),
(238, 290, 'overview'),
(239, 290, 'engine'),
(240, 290, 'Dimensions'),
(241, 291, 'owner Detail'),
(242, 291, 'overview'),
(243, 291, 'engine'),
(244, 291, 'Dimensions'),
(245, 292, 'owner Detail'),
(246, 292, 'overview'),
(247, 292, 'engine'),
(248, 292, 'Dimensions'),
(249, 300, 'owner Detail'),
(250, 300, 'overview'),
(251, 300, 'engine'),
(252, 300, 'Dimensions'),
(253, 301, 'owner Detail'),
(254, 301, 'overview'),
(255, 301, 'engine'),
(256, 301, 'Dimensions'),
(257, 302, 'owner Detail'),
(258, 302, 'overview'),
(259, 302, 'engine'),
(260, 302, 'Dimensions'),
(261, 303, 'owner Detail'),
(262, 303, 'overview'),
(263, 303, 'engine'),
(264, 303, 'Dimensions'),
(265, 304, 'owner Detail'),
(266, 304, 'overview'),
(267, 304, 'engine'),
(268, 304, 'Dimensions');

-- --------------------------------------------------------

--
-- Table structure for table `tbl_attribute_value`
--

CREATE TABLE `tbl_attribute_value` (
  `value_id` int(5) NOT NULL,
  `attribute_id` int(5) NOT NULL,
  `car_id` int(5) NOT NULL,
  `value` varchar(100) NOT NULL
) ENGINE=InnoDB DEFAULT CHARSET=latin1;

--
-- Dumping data for table `tbl_attribute_value`
--

INSERT INTO `tbl_attribute_value` (`value_id`, `attribute_id`, `car_id`, `value`) VALUES
(1, 321, 1, 'dhaval'),
(2, 322, 1, '2015'),
(3, 323, 1, 'silver'),
(4, 324, 1, '7speed'),
(5, 325, 1, '4'),
(6, 326, 1, 'power steering'),
(7, 327, 1, 'disc brake'),
(8, 328, 1, 'tubeless '),
(9, 329, 1, '4'),
(10, 330, 1, 'petrol'),
(11, 331, 1, '429bhp@5500-7300rpm'),
(12, 332, 1, '2979cc'),
(13, 333, 1, 'CRDi'),
(14, 334, 1, 'Yes'),
(15, 335, 1, 'No'),
(16, 336, 1, '4671mm'),
(17, 337, 1, '2037mm'),
(18, 338, 1, '1430mm'),
(19, 339, 1, '2100kg'),
(20, 72, 2, 'rakesh patel'),
(21, 73, 2, '2013'),
(22, 74, 2, 'green'),
(23, 75, 2, '5 speed'),
(24, 76, 2, '5'),
(25, 77, 2, 'power stearing'),
(26, 78, 2, 'disc brake,drum brake,air brake'),
(27, 79, 2, 'tubeless '),
(28, 80, 2, '5'),
(29, 81, 2, 'petrol'),
(30, 82, 2, '47.3bhp@6000rpm'),
(31, 83, 2, '796cc'),
(32, 84, 2, 'MPFi'),
(33, 85, 2, 'No'),
(34, 86, 2, 'No'),
(35, 87, 2, '3430mm'),
(36, 88, 2, '1515mm'),
(37, 89, 2, '1475mm'),
(38, 90, 2, '1185kg'),
(39, 735, 3, 'kantilal'),
(40, 736, 3, '2014'),
(41, 737, 3, 'white'),
(42, 738, 3, '6 speed'),
(43, 739, 3, '4'),
(44, 740, 3, 'power steering'),
(45, 741, 3, 'disc brake'),
(46, 742, 3, 'tubeless '),
(47, 743, 3, '2'),
(48, 744, 3, 'petrol'),
(49, 745, 3, '226.6bhp@4500-6200rpm'),
(50, 746, 3, '1984cc'),
(51, 747, 3, 'Direct Injection'),
(52, 748, 3, 'Yes'),
(53, 749, 3, 'No'),
(54, 750, 3, '4177mm'),
(55, 751, 3, '1966mm'),
(56, 752, 3, '1353mm'),
(57, 753, 3, '1735kg'),
(58, 773, 4, 'Narendra bavishiya'),
(59, 774, 4, '2016'),
(60, 775, 4, 'Black'),
(61, 776, 4, '7speed'),
(62, 777, 4, '5'),
(63, 778, 4, 'power steering'),
(64, 779, 4, 'disc brake'),
(65, 780, 4, 'tubeless , radial'),
(66, 781, 4, '5'),
(67, 783, 4, '187.74bhp@3800-4000rpm'),
(68, 784, 4, '1968cc'),
(69, 785, 4, 'CRDi'),
(70, 786, 4, 'Yes'),
(71, 787, 4, 'No'),
(72, 788, 4, '4663mm'),
(73, 789, 4, '2140mm'),
(74, 790, 4, '1659mm'),
(75, 791, 4, '2440Kg'),
(76, 963, 5, 'ashvin bhai patel'),
(77, 964, 5, '2017'),
(78, 965, 5, 'white'),
(79, 966, 5, '6 speed'),
(80, 967, 5, '5'),
(81, 968, 5, 'power steering'),
(82, 969, 5, 'disc brake'),
(83, 970, 5, 'tubeless , radial'),
(84, 971, 5, '4'),
(85, 972, 5, 'petrol'),
(86, 973, 5, '140.80bhp@3500-4000rpm'),
(87, 974, 5, '1968cc'),
(88, 975, 5, 'CRDi'),
(89, 976, 5, 'Yes'),
(90, 977, 5, 'No'),
(91, 978, 5, '4458mm'),
(92, 979, 5, '1960mm'),
(93, 980, 5, '1416mm'),
(94, 981, 5, '1890kg'),
(95, 1077, 6, 'rameshbhai patoliya'),
(96, 1078, 6, '2014'),
(97, 1079, 6, 'white'),
(98, 1080, 6, '5 Speed'),
(99, 1081, 6, '5'),
(100, 1082, 6, 'power stearing'),
(101, 1083, 6, 'Disc Brake,Drum Brake'),
(102, 1084, 6, 'Tubeless'),
(103, 1085, 6, '5'),
(104, 1086, 6, 'Diesel'),
(105, 1087, 6, '74bhp@4000rpm'),
(106, 1088, 6, '1248cc'),
(107, 1089, 6, 'CRDi'),
(108, 1090, 6, 'Yes'),
(109, 1091, 6, 'No'),
(110, 1092, 6, '3840mm'),
(111, 1093, 6, '1735mm'),
(112, 1094, 6, '1530mm'),
(113, 1095, 6, '1405kg'),
(114, 340, 7, 'akshay gadhiya'),
(115, 341, 7, '2017'),
(116, 342, 7, 'black'),
(117, 343, 7, '8 speed'),
(118, 344, 7, '4'),
(119, 345, 7, 'power steering'),
(120, 346, 7, 'disc brake'),
(121, 347, 7, 'tubeless , radial'),
(122, 348, 7, '4'),
(123, 349, 7, 'diesel'),
(124, 350, 7, '313bhp@4400rpm'),
(125, 351, 7, '2993cc'),
(126, 352, 7, 'CRDi'),
(127, 353, 7, 'Yes'),
(128, 354, 7, 'No'),
(129, 355, 7, '5007mm'),
(130, 356, 7, '2090mm'),
(131, 357, 7, '1392mm'),
(132, 358, 7, '2410kg'),
(133, 682, 8, 'rampal'),
(134, 683, 8, '2017'),
(135, 684, 8, 'silver'),
(136, 685, 8, '6 speed'),
(137, 686, 8, '4'),
(138, 687, 8, 'power steering'),
(139, 688, 8, 'disc brake,air brake'),
(140, 689, 8, 'tubeless , radial'),
(141, 690, 8, '2'),
(142, 691, 8, 'MPFi'),
(143, 692, 8, 'Yes'),
(144, 693, 8, 'No'),
(145, 1096, 8, 'petrol'),
(146, 1097, 8, '3798cc'),
(147, 1098, 8, '561bhp@6800rpm'),
(148, 694, 8, '4710mm'),
(149, 695, 8, '1895mm'),
(150, 696, 8, '1370mm'),
(151, 697, 8, '2118kg'),
(152, 830, 9, 'oswel sam'),
(153, 831, 9, '2016'),
(154, 832, 9, 'red'),
(155, 833, 9, '8 speed'),
(156, 834, 9, '5'),
(157, 835, 9, 'power steering'),
(158, 836, 9, 'disc brake,air brake'),
(159, 837, 9, 'tubeless , radial'),
(160, 838, 9, '5'),
(161, 839, 9, 'petrol'),
(162, 840, 9, '641bhp@6000rpm'),
(163, 841, 9, '3996cc'),
(164, 842, 9, 'Direct Injection'),
(165, 843, 9, 'Yes'),
(166, 844, 9, 'No'),
(167, 845, 9, '5112mm'),
(168, 846, 9, '2181mm'),
(169, 847, 9, '1638mm'),
(170, 848, 9, '2375kg'),
(171, 91, 10, 'jayesh bhai joshi'),
(172, 92, 10, '2016'),
(173, 93, 10, 'red'),
(174, 94, 10, '5 speed'),
(175, 95, 10, '5'),
(176, 96, 10, 'power stearing'),
(177, 97, 10, 'disc brake,drum brake'),
(178, 98, 10, 'tubeless '),
(179, 99, 10, '5'),
(180, 100, 10, 'petrol'),
(181, 101, 10, '81.83bhp@6000rpm'),
(182, 102, 10, '1197cc'),
(183, 103, 10, 'MPFi'),
(184, 104, 10, 'No'),
(185, 105, 10, 'No'),
(186, 106, 10, '3985mm'),
(187, 107, 10, '1734mm'),
(188, 108, 10, '1505mm'),
(189, 109, 10, '-'),
(208, 416, 12, 'kishor  jariwala'),
(209, 417, 12, '2014'),
(210, 418, 12, 'silver'),
(211, 419, 12, '9 speed'),
(212, 420, 12, '5'),
(213, 421, 12, 'power steering'),
(214, 422, 12, 'disc brake,drum brake,air brake'),
(215, 423, 12, 'tubeless , radial'),
(216, 424, 12, '4'),
(217, 425, 12, 'diesel'),
(218, 426, 12, '192bhp@3800rpm'),
(219, 427, 12, '1950 cc'),
(220, 428, 12, 'CRDi'),
(221, 429, 12, 'Yes'),
(222, 430, 12, 'No'),
(223, 431, 12, '5063mm'),
(224, 432, 12, '1860mm'),
(225, 433, 12, '1494mm'),
(226, 434, 12, '2100kg'),
(227, 698, 13, 'rambhai'),
(228, 699, 13, '2013'),
(229, 700, 13, 'black'),
(230, 702, 13, '4'),
(231, 703, 13, 'power steering'),
(232, 704, 13, 'disc brake,air brake'),
(233, 705, 13, 'tubeless , radial'),
(234, 706, 13, '2'),
(235, 707, 13, 'petrol'),
(236, 708, 13, '395bhp@6500-50rpm'),
(237, 709, 13, '4951 cc'),
(238, 710, 13, 'EFI'),
(239, 711, 13, 'No'),
(240, 712, 13, 'No'),
(241, 713, 13, '4784mm'),
(242, 714, 13, '2080mm'),
(243, 715, 13, '2500kg'),
(244, 849, 14, 'utsav nibol'),
(245, 850, 14, '2017'),
(246, 851, 14, 'white'),
(247, 852, 14, '8 speed'),
(248, 853, 14, '7'),
(249, 854, 14, 'power steering'),
(250, 855, 14, 'disc brake,air brake'),
(251, 856, 14, 'tubeless , radial'),
(252, 857, 14, '5'),
(253, 858, 14, 'diesel'),
(254, 859, 14, '225bhp@4250rpm'),
(255, 860, 14, '1969 cc'),
(256, 861, 14, 'CRDi'),
(257, 862, 14, 'Yes'),
(258, 863, 14, 'No'),
(259, 864, 14, '4950mm'),
(260, 865, 14, '2140mm'),
(261, 866, 14, '1776mm'),
(262, 867, 14, '-'),
(263, 982, 15, 'arjit sigh'),
(264, 983, 15, '2013'),
(265, 984, 15, 'white'),
(266, 985, 15, '7speed'),
(267, 986, 15, '5'),
(268, 987, 15, 'power steering'),
(269, 988, 15, 'disc brake,air brake'),
(270, 989, 15, 'tubeless , radial'),
(271, 990, 15, '4'),
(272, 991, 15, 'diesel'),
(273, 992, 15, '167.62bhp@3000ac4200rpm'),
(274, 993, 15, '2143 cc'),
(275, 994, 15, 'CRDi'),
(276, 995, 15, 'Yes'),
(277, 996, 15, 'No'),
(278, 997, 15, '4686mm'),
(279, 998, 15, '2020mm'),
(280, 999, 15, '1442mm'),
(281, 1000, 15, '2135kg'),
(282, 110, 16, 'jay shurya '),
(283, 111, 16, '2013'),
(284, 112, 16, 'black'),
(285, 113, 16, '5 speed'),
(286, 114, 16, '5'),
(287, 115, 16, 'power stearing'),
(288, 116, 16, 'disc brake,drum brake'),
(289, 117, 16, 'tubeless '),
(290, 118, 16, '5'),
(291, 119, 16, 'diesel'),
(292, 120, 16, '73.97bhp@4000rpm'),
(293, 121, 16, '1186cc'),
(294, 122, 16, 'CRDi'),
(295, 123, 16, 'No'),
(296, 124, 16, 'No'),
(297, 125, 16, '3765mm'),
(298, 126, 16, '1660mm'),
(299, 127, 16, '1520mm'),
(300, 128, 16, '-'),
(301, 492, 17, 'kirit shankar'),
(302, 493, 17, '2015'),
(303, 494, 17, 'white'),
(304, 495, 17, '6 speed'),
(305, 496, 17, '5'),
(306, 497, 17, 'power steering'),
(307, 498, 17, 'disc brake,drum brake'),
(308, 499, 17, 'tubeless , radial'),
(309, 500, 17, '4'),
(310, 501, 17, 'diesel'),
(311, 502, 17, '140.80bhp@3500-4000rpm'),
(312, 503, 17, '1968 cc'),
(313, 504, 17, 'CRDi'),
(314, 505, 17, 'Yes'),
(315, 506, 17, 'No'),
(316, 507, 17, '4458mm'),
(317, 508, 17, '1960mm'),
(318, 509, 17, '1416mm'),
(319, 510, 17, '1890kg'),
(320, 716, 18, 'nandkishor jariwala'),
(321, 717, 18, '2015'),
(322, 718, 18, 'silver'),
(323, 719, 18, '8 speed'),
(324, 720, 18, '4'),
(325, 721, 18, 'power steering'),
(326, 722, 18, 'disc brake,air brake'),
(327, 723, 18, 'tubeless , radial'),
(328, 724, 18, '2'),
(329, 725, 18, 'petrol'),
(330, 726, 18, '624bhp@5600rpm'),
(331, 727, 18, '6592 cc'),
(332, 728, 18, 'EFI'),
(333, 729, 18, 'No'),
(334, 730, 18, 'No'),
(335, 731, 18, '5269mm'),
(336, 732, 18, '1947mm'),
(337, 733, 18, '1507mm'),
(338, 734, 18, '2810kg'),
(339, 1039, 19, 'hitesh avile'),
(340, 1040, 19, '2016'),
(341, 1041, 19, 'red'),
(342, 1042, 19, '7speed'),
(343, 1043, 19, '2'),
(344, 1044, 19, 'power steering'),
(345, 1045, 19, 'disc brake,air brake'),
(346, 1046, 19, 'tubeless , radial'),
(347, 1047, 19, '2'),
(348, 1048, 19, 'petrol'),
(349, 1049, 19, '306bhp@5800rpm'),
(350, 1050, 19, '2979 cc'),
(351, 1051, 19, 'Direct Injection'),
(352, 1052, 19, 'Yes'),
(353, 1053, 19, 'No'),
(354, 1054, 19, '4239mm'),
(355, 1055, 19, '1951mm'),
(356, 1056, 19, '1291mm'),
(357, 1057, 19, '-'),
(358, 1020, 20, 'ramesh osa'),
(359, 1021, 20, '2016'),
(360, 1022, 20, 'red'),
(361, 1023, 20, '8 speed'),
(362, 1024, 20, '2'),
(363, 1025, 20, 'power steering'),
(364, 1026, 20, 'disc brake,air brake'),
(365, 1027, 20, 'tubeless '),
(366, 1028, 20, '2'),
(367, 1029, 20, 'petrol'),
(368, 1030, 20, '544bhp@6500rpm'),
(369, 1031, 20, '5000cc'),
(370, 1032, 20, 'Direct Injection'),
(371, 1033, 20, 'No'),
(372, 1034, 20, 'yes'),
(373, 1035, 20, '4482mm'),
(374, 1036, 20, '2042mm'),
(375, 1037, 20, '2042mm'),
(376, 1038, 20, '1665kg'),
(377, 148, 21, 'dhaval boghara'),
(378, 149, 21, '2014'),
(379, 150, 21, 'red'),
(380, 151, 21, '6 speed'),
(381, 152, 21, '5'),
(382, 153, 21, 'power steering'),
(383, 154, 21, 'disc brake,drum brake'),
(384, 155, 21, 'tubeless , radial'),
(385, 156, 21, '5'),
(386, 157, 21, 'diesel'),
(387, 158, 21, '108.5bhp@3750rpm'),
(388, 159, 21, '1497 cc'),
(389, 160, 21, 'CRDi'),
(390, 161, 21, 'Yes'),
(391, 162, 21, 'No'),
(392, 163, 21, '3994mm'),
(393, 164, 21, '1811mm'),
(394, 165, 21, '1607mm'),
(395, 166, 21, '-'),
(396, 148, 22, 'dhaval boghara'),
(397, 149, 22, '2014'),
(398, 150, 22, 'red'),
(399, 151, 22, '7speed'),
(400, 152, 22, '5'),
(401, 153, 22, 'power steering'),
(402, 154, 22, 'disc brake,drum brake'),
(403, 155, 22, 'tubeless , radial'),
(404, 156, 22, '5'),
(405, 157, 22, 'diesel'),
(406, 158, 22, '108.5bhp@3750rpm'),
(407, 159, 22, '1497 cc'),
(408, 160, 22, 'CRDi'),
(409, 161, 22, 'Yes'),
(410, 162, 22, 'No'),
(411, 163, 22, '3994mm'),
(412, 164, 22, '1811mm'),
(413, 165, 22, '1607mm'),
(414, 166, 22, '-'),
(415, 587, 23, 'ramesh bhai sojitra'),
(416, 588, 23, '2015'),
(417, 589, 23, 'silver'),
(418, 590, 23, '6 speed'),
(419, 591, 23, '5'),
(420, 592, 23, 'power steering'),
(421, 593, 23, 'disc brake,drum brake'),
(422, 594, 23, 'tubeless , radial'),
(423, 595, 23, '4'),
(424, 597, 23, '98.6bhp@3600rpm'),
(425, 598, 23, '1498 cc'),
(426, 599, 23, 'Direct Injection'),
(427, 600, 23, 'Yes'),
(428, 601, 23, 'No'),
(429, 602, 23, '4440mm'),
(430, 603, 23, '1695mm'),
(431, 604, 23, '1495mm'),
(432, 605, 23, '-'),
(433, 754, 24, 'hareshbhai hirawala'),
(434, 755, 24, '2014'),
(435, 756, 24, 'white'),
(436, 757, 24, '7speed'),
(437, 758, 24, '2'),
(438, 759, 24, 'power steering'),
(439, 760, 24, 'disc brake,drum brake'),
(440, 761, 24, 'tubeless , radial'),
(441, 762, 24, '2'),
(442, 763, 24, 'petrol'),
(443, 764, 24, '602bhp@8250rpm'),
(444, 765, 24, '5204 cc'),
(445, 766, 24, 'Direct Injection'),
(446, 767, 24, 'No'),
(447, 768, 24, 'Yes'),
(448, 769, 24, '4426mm'),
(449, 770, 24, '2037mm'),
(450, 771, 24, '1240mm'),
(451, 772, 24, '1895kg'),
(452, 773, 25, 'ashvinbhai dudhat'),
(453, 774, 25, '2016'),
(454, 775, 25, 'Black'),
(455, 776, 25, '7speed'),
(456, 777, 25, '5'),
(457, 778, 25, 'power steering'),
(458, 779, 25, 'disc brake,drum brake'),
(459, 780, 25, 'tubeless '),
(460, 781, 25, '5'),
(461, 782, 25, 'diesel'),
(462, 783, 25, '187.74bhp@3800-4000rpm'),
(463, 784, 25, '1968 cc'),
(464, 786, 25, 'Yes'),
(465, 787, 25, 'No'),
(466, 788, 25, '4663mm'),
(467, 789, 25, '2140mm'),
(468, 790, 25, '1659mm'),
(469, 791, 25, '2440Kg'),
(470, 868, 26, 'chandu bhai jinjoda'),
(471, 869, 26, '2015'),
(472, 870, 26, 'whie'),
(473, 871, 26, '5 speed'),
(474, 872, 26, '5'),
(475, 873, 26, 'power steering'),
(476, 874, 26, 'disc brake,air brake'),
(477, 875, 26, 'tubeless , radial'),
(478, 876, 26, '4'),
(479, 877, 26, 'diesel'),
(480, 878, 26, '98.96bhp@3750rpm'),
(481, 879, 26, '1498 cc'),
(482, 880, 26, 'Direct Injection'),
(483, 881, 26, 'Yes'),
(484, 882, 26, 'No'),
(485, 883, 26, '3998mm'),
(486, 884, 26, '1765mm'),
(487, 885, 26, '1647mm'),
(488, 886, 26, '1690Kg'),
(489, 587, 27, 'kanjibhai lodhe'),
(490, 588, 27, '2014'),
(491, 589, 27, 'black'),
(492, 590, 27, '6 speed'),
(493, 591, 27, '5'),
(494, 592, 27, 'power steering'),
(495, 593, 27, 'disc brake,drum brake'),
(496, 594, 27, 'tubeless , radial'),
(497, 595, 27, '4'),
(498, 596, 27, 'diesel'),
(499, 597, 27, 'BHP	98.6bhp@3600rpm'),
(500, 598, 27, '1498 cc'),
(501, 599, 27, 'Direct Injection'),
(502, 600, 27, 'Yes'),
(503, 601, 27, 'No'),
(504, 602, 27, '4440mm'),
(505, 603, 27, '1695mm'),
(506, 604, 27, '1495mm'),
(507, 605, 27, '-'),
(508, 511, 28, 'hardikbhai virani'),
(509, 512, 28, '2013'),
(510, 513, 28, 'gray silver'),
(511, 514, 28, '8 speed'),
(512, 515, 28, '4'),
(513, 516, 28, 'power steering'),
(514, 517, 28, 'disc brake,drum brake'),
(515, 518, 28, 'tubeless , radial'),
(516, 519, 28, '4'),
(517, 520, 28, 'petrol'),
(518, 521, 28, '328.55bhp@5500-6500rpm'),
(519, 522, 28, '2995 cc'),
(520, 523, 28, 'Direct Injection'),
(521, 524, 28, 'Yes'),
(522, 525, 28, 'No'),
(523, 526, 28, '4718mm'),
(524, 527, 28, '2020mm'),
(525, 528, 28, '1382mm'),
(526, 529, 28, '2295Kg'),
(527, 167, 29, 'nishant thummar'),
(528, 168, 29, '2015'),
(529, 169, 29, 'red'),
(530, 170, 29, '5 speed'),
(531, 171, 29, '5'),
(532, 172, 29, 'power steering'),
(533, 173, 29, 'disc brake,drum brake'),
(534, 174, 29, 'tubeless , radial'),
(535, 175, 29, '4'),
(536, 176, 29, 'diesel'),
(537, 177, 29, '74bhp@4000rpm'),
(538, 178, 29, '1248 cc'),
(539, 179, 29, 'CRDi'),
(540, 180, 29, 'Yes'),
(541, 181, 29, 'No'),
(542, 182, 29, '3825mm'),
(543, 183, 29, '1695mm'),
(544, 184, 29, '1562mm'),
(545, 185, 29, '-'),
(546, 283, 30, 'nik'),
(547, 284, 30, '2017'),
(548, 285, 30, 'blue'),
(549, 286, 30, '5 speed'),
(550, 287, 30, '5'),
(551, 288, 30, 'power steering'),
(552, 289, 30, 'drum brake'),
(553, 290, 30, 'tubeless , radial'),
(554, 291, 30, '5'),
(555, 292, 30, 'petrol'),
(556, 293, 30, '25.4bhp@3500 rpm'),
(557, 294, 30, '448cc'),
(558, 295, 30, 'CRDi'),
(559, 296, 30, 'Yes'),
(560, 297, 30, 'No'),
(561, 298, 30, '3590mm'),
(562, 299, 30, '1575mm'),
(563, 300, 30, '1585mm'),
(564, 301, 30, '1252kg'),
(565, 549, 31, 'kishan patel'),
(566, 550, 31, '2015'),
(567, 551, 31, 'silver'),
(568, 552, 31, '5 speed'),
(569, 553, 31, '5'),
(570, 554, 31, 'power steering'),
(571, 555, 31, 'disc brake,drum brake'),
(572, 556, 31, 'tubeless , radial'),
(573, 557, 31, '4'),
(574, 558, 31, 'diesel'),
(575, 559, 31, '108.4bhp@4000rpm'),
(576, 560, 31, '1498cc'),
(577, 561, 31, 'Direct Injection'),
(578, 562, 31, 'Yes'),
(579, 563, 31, 'No'),
(580, 564, 31, '4413mm'),
(581, 565, 31, '1699mm'),
(582, 566, 31, '1466mm'),
(583, 567, 31, '1750Kg'),
(584, 110, 32, 'jay dev'),
(585, 111, 32, '2012'),
(586, 112, 32, 'white'),
(587, 113, 32, '5 speed'),
(588, 114, 32, '5'),
(589, 115, 32, 'power stearing'),
(590, 116, 32, 'drum brake'),
(591, 117, 32, 'tubeless '),
(592, 118, 32, '5'),
(593, 119, 32, 'diesel'),
(594, 120, 32, '73.97bhp@4000rpm'),
(595, 121, 32, '1186'),
(596, 122, 32, 'CRDi'),
(597, 123, 32, 'No'),
(598, 124, 32, 'No'),
(599, 125, 32, '3765mm'),
(600, 126, 32, '1660mm'),
(601, 127, 32, '1520mm'),
(602, 128, 32, '-'),
(603, 243, 33, 'hardik patel'),
(604, 244, 33, '2015'),
(605, 245, 33, 'white'),
(606, 246, 33, '7speed'),
(607, 247, 33, '5'),
(608, 248, 33, 'power steering'),
(609, 249, 33, 'disc brake,drum brake'),
(610, 250, 33, 'tubeless , radial'),
(611, 251, 33, '5'),
(612, 252, 33, 'petrol'),
(613, 253, 33, '103.5bhp@5000rpm'),
(614, 254, 33, '1197'),
(615, 255, 33, 'Direct Injection'),
(616, 256, 33, 'Yes'),
(617, 257, 33, 'No'),
(618, 258, 33, '3971mm'),
(619, 259, 33, '1682mm'),
(620, 260, 33, '1469mm'),
(621, 261, 33, '1580 kg'),
(622, 568, 34, 'hiteshbhai dhameliya'),
(623, 569, 34, '203'),
(624, 570, 34, 'white'),
(625, 571, 34, '6 speed'),
(626, 572, 34, '5'),
(627, 573, 34, 'power steering'),
(628, 574, 34, 'disc brake,drum brake'),
(629, 575, 34, 'tubeless , radial'),
(630, 576, 34, '5'),
(631, 577, 34, 'diesel'),
(632, 578, 34, '174.5bhp@3600-4000rpm'),
(633, 579, 34, '1968 cc'),
(634, 580, 34, 'Direct Injection'),
(635, 581, 34, 'Yes'),
(636, 582, 34, 'No'),
(637, 583, 34, '4861mm'),
(638, 584, 34, '1864mm'),
(639, 585, 34, '1483mm'),
(640, 586, 34, '2060kg'),
(641, 925, 35, 'ruby patel'),
(642, 926, 35, '2015'),
(643, 927, 35, 'white'),
(644, 928, 35, '5 speed'),
(645, 929, 35, '5'),
(646, 930, 35, 'power steering'),
(647, 931, 35, 'disc brake,drum brake'),
(648, 932, 35, 'tubeless , radial'),
(649, 933, 35, '5'),
(650, 934, 35, 'diesel'),
(651, 935, 35, '83.8bhp@3750rpm'),
(652, 936, 35, '1461 cc'),
(653, 937, 35, 'CRDi'),
(654, 938, 35, 'Yes'),
(655, 939, 35, 'No'),
(656, 940, 35, '4315mm'),
(657, 941, 35, '1822mm'),
(658, 942, 35, '1695mm'),
(659, 943, 35, '1777kg'),
(660, 302, 36, 'ramesh visvamitra'),
(661, 303, 36, '2015'),
(662, 304, 36, 'skyblue'),
(663, 305, 36, '5 speed'),
(664, 306, 36, '5'),
(665, 307, 36, 'power steering'),
(666, 308, 36, 'disc brake,drum brake'),
(667, 309, 36, 'tubeless , radial'),
(668, 310, 36, '5'),
(669, 311, 36, 'diesel'),
(670, 312, 36, '64.1bhp@4000rpm'),
(671, 313, 36, '1461 cc'),
(672, 314, 36, 'CRDi'),
(673, 315, 36, 'Yes'),
(674, 316, 36, 'No'),
(675, 317, 36, '3991mm'),
(676, 318, 36, '1740mm'),
(677, 319, 36, '1540mm'),
(678, 320, 36, '1655kg'),
(679, 205, 37, 'hareshbhai '),
(680, 206, 37, '2014'),
(681, 207, 37, 'red'),
(682, 208, 37, '5 speed'),
(683, 209, 37, '4'),
(684, 210, 37, 'power steering'),
(685, 211, 37, 'disc brake,drum brake'),
(686, 212, 37, 'tubeless '),
(687, 213, 37, '5'),
(688, 214, 37, 'petrol'),
(689, 215, 37, '37.5bhp@5500+/-250rpm'),
(690, 216, 37, '624 cc'),
(691, 217, 37, 'MPFi'),
(692, 218, 37, 'No'),
(693, 219, 37, 'No'),
(694, 220, 37, '3164mm'),
(695, 221, 37, '1750mm'),
(696, 222, 37, '1652mm'),
(697, 223, 37, '-'),
(698, 91, 38, 'kishan bhai pavri'),
(699, 92, 38, '2015'),
(700, 93, 38, 'red'),
(701, 94, 38, '6 speed'),
(702, 95, 38, '5'),
(703, 96, 38, 'power stearing'),
(704, 97, 38, 'disc brake,drum brake'),
(705, 98, 38, 'tubeless '),
(706, 99, 38, '5'),
(707, 100, 38, 'diesel'),
(708, 101, 38, '88.73bhp@4000rpm'),
(709, 102, 38, '1396cc'),
(710, 103, 38, 'CRDi'),
(711, 104, 38, 'Yes'),
(712, 105, 38, 'No'),
(713, 106, 38, '3985mm'),
(714, 107, 38, '1734mm'),
(715, 108, 38, '1505mm'),
(716, 109, 38, '-'),
(717, 568, 39, 'JIRABHAI'),
(718, 569, 39, '2015'),
(719, 570, 39, 'white'),
(720, 571, 39, '6 speed'),
(721, 572, 39, '5'),
(722, 573, 39, 'power steering'),
(723, 574, 39, 'disc brake'),
(724, 575, 39, 'tubeless '),
(725, 576, 39, '5'),
(726, 577, 39, 'diesel'),
(727, 578, 39, '174.5bhp@3600-4000rpm'),
(728, 579, 39, '1968cc'),
(729, 580, 39, 'Direct Injection'),
(730, 581, 39, 'Yes'),
(731, 582, 39, 'No'),
(732, 583, 39, '4861mm'),
(733, 584, 39, '1864mm'),
(734, 585, 39, '1483mm'),
(735, 586, 39, '2060kg'),
(736, 792, 40, 'muhmud ali'),
(737, 793, 40, '2018'),
(738, 794, 40, 'silver'),
(739, 795, 40, '8 speed'),
(740, 796, 40, '7'),
(741, 797, 40, 'power steering'),
(742, 798, 40, 'disc brake,drum brake'),
(743, 799, 40, 'tubeless , radial'),
(744, 800, 40, '5'),
(745, 801, 40, 'diesel'),
(746, 802, 40, '245.41bhp@2910-4500rpm'),
(747, 803, 40, '2967 cc'),
(748, 804, 40, 'CRDi'),
(749, 805, 40, 'Yes'),
(750, 806, 40, 'No'),
(751, 807, 40, '5052mm'),
(752, 808, 40, '2212mm'),
(753, 809, 40, '1740mm'),
(754, 810, 40, '2925kg'),
(755, 792, 41, 'muhmud shekh'),
(756, 793, 41, '2018'),
(757, 794, 41, 'white'),
(758, 795, 41, '8 speed'),
(759, 796, 41, '7'),
(760, 797, 41, 'power steering'),
(761, 798, 41, 'disc brake,drum brake'),
(762, 799, 41, 'tubeless , radial'),
(763, 800, 41, '5'),
(764, 801, 41, 'diesel'),
(765, 802, 41, '245.41bhp@2910-4500rpm'),
(766, 803, 41, '2967 cc'),
(767, 804, 41, 'CRDi'),
(768, 805, 41, 'Yes'),
(769, 806, 41, 'No'),
(770, 807, 41, '5052mm'),
(771, 808, 41, '2212mm'),
(772, 809, 41, '1740mm'),
(773, 810, 41, '2925kg'),
(774, 587, 42, 'ali shekh'),
(775, 588, 42, '2014'),
(776, 589, 42, 'white'),
(777, 590, 42, '6 speed'),
(778, 591, 42, '5'),
(779, 592, 42, 'power steering'),
(780, 593, 42, 'disc brake,drum brake'),
(781, 594, 42, 'tubeless '),
(782, 595, 42, '4'),
(783, 596, 42, 'diesel'),
(784, 597, 42, '98.6bhp@3600rpm'),
(785, 598, 42, '1498 cc'),
(786, 599, 42, 'Direct Injection'),
(787, 600, 42, 'Yes'),
(788, 601, 42, 'No'),
(789, 602, 42, '4440mm'),
(790, 603, 42, '1695mm'),
(791, 604, 42, '1495mm'),
(792, 605, 42, '-'),
(793, 397, 43, 'tushar koldiya'),
(794, 398, 43, '2014'),
(795, 399, 43, 'silver'),
(796, 400, 43, '7speed'),
(797, 401, 43, '5'),
(798, 402, 43, 'power steering'),
(799, 403, 43, 'disc brake'),
(800, 404, 43, 'tubeless , radial'),
(801, 405, 43, '4'),
(802, 406, 43, 'petrol'),
(803, 407, 43, '560bhp@6000-7000rpm'),
(804, 408, 43, '4395cc'),
(805, 409, 43, 'Direct Injection'),
(806, 410, 43, 'Yes'),
(807, 411, 43, 'No'),
(808, 412, 43, '4910mm'),
(809, 413, 43, '2119mm'),
(810, 414, 43, '1467mm'),
(811, 415, 43, '-'),
(812, 587, 44, 'vishal savani'),
(813, 588, 44, '2016'),
(814, 589, 44, 'white'),
(815, 590, 44, '7speed'),
(816, 591, 44, '7'),
(817, 592, 44, 'power steering'),
(818, 593, 44, 'disc brake'),
(819, 594, 44, 'tubeless '),
(820, 595, 44, '4'),
(821, 596, 44, 'diesel'),
(822, 597, 44, '1498cc'),
(823, 598, 44, 'Maximum Power	98.6bhp@3600rpm'),
(824, 599, 44, 'Direct Injection'),
(825, 600, 44, 'Yes'),
(826, 601, 44, 'No'),
(827, 602, 44, '4440mm'),
(828, 603, 44, '1695mm'),
(829, 604, 44, '1495mm'),
(830, 605, 44, '-'),
(831, 1077, 45, 'Akshay'),
(832, 1078, 45, '2016'),
(833, 1079, 45, 'white'),
(834, 1080, 45, '5 Speed'),
(835, 1081, 45, '5'),
(836, 1082, 45, 'power stearing'),
(837, 1083, 45, 'Disc Brake,Drum Brake'),
(838, 1084, 45, 'Tubeless'),
(839, 1085, 45, '5'),
(840, 1086, 45, 'Diesel'),
(841, 1087, 45, '74bhp@4000rpm'),
(842, 1088, 45, '1248cc'),
(843, 1089, 45, 'CRDi'),
(844, 1090, 45, 'Yes'),
(845, 1091, 45, 'No'),
(846, 1092, 45, '3840mm'),
(847, 1093, 45, '1735mm'),
(848, 1094, 45, '1530mm'),
(849, 1095, 45, '1405kg'),
(850, 91, 46, 'kishan bhai pavri'),
(851, 92, 46, '2013'),
(852, 93, 46, 'red'),
(853, 94, 46, '5 speed'),
(854, 95, 46, '5'),
(855, 96, 46, 'power stearing'),
(856, 97, 46, 'disc brake'),
(857, 98, 46, 'tubeless '),
(858, 99, 46, '5'),
(859, 100, 46, 'diesel'),
(860, 101, 46, '81.83bhp@6000rpm'),
(861, 102, 46, '1197cc'),
(862, 103, 46, 'CRDi'),
(863, 104, 46, 'Yes'),
(864, 105, 46, 'No'),
(865, 106, 46, '3985mm'),
(866, 107, 46, '1734mm'),
(867, 108, 46, '1505mm'),
(868, 109, 46, '-'),
(869, 378, 47, 'vikkubhai'),
(870, 379, 47, '2015'),
(871, 380, 47, 'white'),
(872, 381, 47, '8 speed'),
(873, 382, 47, '5'),
(874, 383, 47, 'power steering'),
(875, 384, 47, 'disc brake,drum brake'),
(876, 385, 47, 'tubeless , radial'),
(877, 386, 47, '4'),
(878, 387, 47, 'diesel'),
(879, 388, 47, 'BHP190bhp@4000rpm'),
(880, 389, 47, '1995 cc'),
(881, 390, 47, 'CRDi'),
(882, 391, 47, 'Yes'),
(883, 392, 47, 'No'),
(884, 393, 47, '4633mm'),
(885, 394, 47, '2031mm'),
(886, 395, 47, '1429mm'),
(887, 396, 47, '-'),
(888, 735, 48, 'jethalal bhide'),
(889, 736, 48, '2014'),
(890, 737, 48, 'blue'),
(891, 738, 48, '6 speed'),
(892, 739, 48, '4'),
(893, 740, 48, 'power steering'),
(894, 741, 48, 'disc brake'),
(895, 742, 48, 'tubeless '),
(896, 743, 48, '2'),
(897, 744, 48, 'petrol'),
(898, 745, 48, '226.6bhp@4500-6200rpm'),
(899, 746, 48, '1984cc'),
(900, 747, 48, 'Direct Injection'),
(901, 748, 48, 'Yes'),
(902, 749, 48, 'No'),
(903, 750, 48, '4177mm'),
(904, 751, 48, '1966mm'),
(905, 752, 48, '1353mm'),
(906, 753, 48, '1735kg'),
(907, 735, 49, 'shikh saheb'),
(908, 736, 49, '2016'),
(909, 737, 49, 'white'),
(910, 738, 49, '8 speed'),
(911, 739, 49, '5'),
(912, 740, 49, 'power steering'),
(913, 741, 49, 'disc brake'),
(914, 742, 49, 'tubeless , radial'),
(915, 743, 49, '2'),
(916, 744, 49, 'petrol'),
(917, 745, 49, '226.6bhp@4500-6200rpm'),
(918, 746, 49, '1984cc'),
(919, 747, 49, 'CRDi'),
(920, 748, 49, 'Yes'),
(921, 749, 49, 'No'),
(922, 750, 49, '4177mm'),
(923, 751, 49, '1966mm'),
(924, 752, 49, '1353mm'),
(925, 753, 49, '1735kg'),
(926, 1020, 50, 'rahul gandhi'),
(927, 1021, 50, '2017'),
(928, 1022, 50, 'red'),
(929, 1023, 50, '8 speed'),
(930, 1024, 50, '2'),
(931, 1025, 50, 'power steering'),
(932, 1026, 50, 'disc brake'),
(933, 1027, 50, 'tubeless '),
(934, 1028, 50, '2'),
(935, 1029, 50, 'petrol'),
(936, 1030, 50, '544bhp@6500rpm'),
(937, 1031, 50, '5000 cc'),
(938, 1032, 50, 'Direct Injection'),
(939, 1033, 50, 'No'),
(940, 1034, 50, 'yes'),
(941, 1035, 50, '4482mm'),
(942, 1036, 50, '2042mm'),
(943, 1037, 50, '2042mm'),
(944, 1038, 50, '1665kg'),
(945, 266, 51, 'silver'),
(946, 267, 51, '7speed'),
(947, 268, 51, '4'),
(948, 269, 51, 'power steering'),
(949, 270, 51, 'disc brake'),
(950, 271, 51, 'tubeless '),
(951, 272, 51, '2'),
(952, 273, 51, 'petrol'),
(953, 274, 51, '148bhp@5000-6000rpm'),
(954, 275, 51, '1395cc'),
(955, 276, 51, 'Direct Injection'),
(956, 277, 51, 'Yes'),
(957, 278, 51, 'No'),
(958, 279, 51, '4278mm'),
(959, 280, 51, '1808mm'),
(960, 281, 51, '1486mm'),
(961, 282, 51, '-'),
(962, 264, 51, 'vivek dhameliya'),
(963, 265, 51, '2011'),
(964, 549, 52, 'kishan rathod'),
(965, 550, 52, '2013'),
(966, 551, 52, 'black'),
(967, 552, 52, '5 speed'),
(968, 553, 52, '5'),
(969, 554, 52, 'power steering'),
(970, 555, 52, 'disc brake'),
(971, 556, 52, 'tubeless , radial'),
(972, 557, 52, '4'),
(973, 558, 52, 'diesel'),
(974, 559, 52, '108.4bhp@4000rpm'),
(975, 560, 52, '1498 cc'),
(976, 561, 52, 'Direct Injection'),
(977, 562, 52, 'Yes'),
(978, 563, 52, 'No'),
(979, 564, 52, '4413mm'),
(980, 565, 52, '1699mm'),
(981, 566, 52, '1466mm'),
(982, 567, 52, '1750Kg'),
(983, 982, 53, 'ramjibhai'),
(984, 983, 53, '2012'),
(985, 984, 53, 'white'),
(986, 985, 53, '9 speed'),
(987, 986, 53, '2'),
(988, 987, 53, 'power steering'),
(989, 988, 53, 'disc brake,drum brake'),
(990, 989, 53, 'tubeless , radial'),
(991, 990, 53, '2'),
(992, 991, 53, 'petrol'),
(993, 992, 53, '367bhp@5550rpm'),
(994, 993, 53, '2996 cc'),
(995, 994, 53, 'Direct Injection'),
(996, 995, 53, 'Yes'),
(997, 996, 53, 'No'),
(998, 997, 53, '4142 mm'),
(999, 998, 53, '2006 mm'),
(1000, 999, 53, '1303 mm'),
(1001, 1000, 53, '1890 kg'),
(1002, 887, 54, 'navita ben'),
(1003, 888, 54, '2015'),
(1004, 889, 54, 'white'),
(1005, 890, 54, '6 speed'),
(1006, 891, 54, '7'),
(1007, 892, 54, 'power steering'),
(1008, 893, 54, 'disc brake,drum brake'),
(1009, 894, 54, 'tubeless , radial'),
(1010, 895, 54, '5'),
(1011, 896, 54, 'diesel'),
(1012, 897, 54, '158bhp@3200rpm'),
(1013, 898, 54, '2198 cc'),
(1014, 899, 54, 'CRDi'),
(1015, 900, 54, 'Yes'),
(1016, 901, 54, 'No'),
(1017, 902, 54, '4892mm'),
(1018, 903, 54, '1860mm'),
(1019, 904, 54, '1837mm'),
(1020, 905, 54, '-'),
(1021, 1099, 55, 'jenish'),
(1022, 1100, 55, '2014'),
(1023, 1101, 55, 'white'),
(1024, 1102, 55, '6 speed'),
(1025, 1103, 55, '5'),
(1026, 1104, 55, 'power steering'),
(1027, 1105, 55, 'disc brake, drum brake'),
(1028, 1106, 55, 'tubeless , radial'),
(1029, 1107, 55, '5'),
(1030, 1108, 55, 'diesel'),
(1031, 1109, 55, '150bhp@3500rpm'),
(1032, 1110, 55, '1984 cc'),
(1033, 1111, 55, 'Direct Injection'),
(1034, 1112, 55, 'Yes'),
(1035, 1113, 55, 'No'),
(1036, 1114, 55, '4369mm'),
(1037, 1115, 55, '2041mm'),
(1038, 1116, 55, '1420mm'),
(1039, 1117, 55, '1980kg'),
(1040, 1118, 56, 'sonia mehata'),
(1041, 1119, 56, '2014'),
(1042, 1120, 56, 'silver'),
(1043, 1121, 56, '6 speed'),
(1044, 1122, 56, '5'),
(1045, 1123, 56, 'power steering'),
(1046, 1124, 56, 'disc brake, drum brake '),
(1047, 1125, 56, 'tubeless , radial'),
(1048, 1126, 56, '5'),
(1049, 1127, 56, 'petrol'),
(1050, 1128, 56, '86.8bhp@6000rpm'),
(1051, 1129, 56, '1198cc'),
(1052, 1130, 56, 'EFi'),
(1053, 1131, 56, 'No'),
(1054, 1132, 56, 'No'),
(1055, 1133, 56, '3610mm'),
(1056, 1134, 56, '1680mm'),
(1057, 1135, 56, '1500mm'),
(1058, 1136, 56, '-'),
(1059, 1137, 57, 'jignesh'),
(1060, 1138, 57, '2014'),
(1061, 1139, 57, 'black'),
(1062, 1140, 57, '5 speed'),
(1063, 1141, 57, '5'),
(1064, 1142, 57, 'power steering'),
(1065, 1143, 57, 'disc brake, drum brake '),
(1066, 1144, 57, 'tubeless , radial'),
(1067, 1145, 57, '5'),
(1068, 1146, 57, 'diesel'),
(1069, 1147, 57, '91.7bhp@4000rpm'),
(1070, 1148, 57, '1248cc'),
(1071, 1149, 57, 'Direct Injection'),
(1072, 1150, 57, 'Yes'),
(1073, 1151, 57, 'No'),
(1074, 1152, 57, '3989mm'),
(1075, 1153, 57, '1687mm'),
(1076, 1154, 57, '1525mm'),
(1077, 1155, 57, '1162kg'),
(1078, 1118, 58, 'hiren ghoghari'),
(1079, 1119, 58, '2015'),
(1080, 1120, 58, 'blue'),
(1081, 1121, 58, '5 speed'),
(1082, 1122, 58, '5'),
(1083, 1123, 58, 'power steering'),
(1084, 1124, 58, 'disc brake'),
(1085, 1125, 58, 'tubeless '),
(1086, 1126, 58, '5'),
(1087, 1127, 58, 'petrol'),
(1088, 1128, 58, '86.8bhp@6000rpm'),
(1089, 1129, 58, '1198cc'),
(1090, 1130, 58, 'Direct Injection'),
(1091, 1131, 58, 'No'),
(1092, 1132, 58, 'No'),
(1093, 1133, 58, '3610mm'),
(1094, 1134, 58, '1680mm'),
(1095, 1135, 58, '1500mm'),
(1096, 1136, 58, '-'),
(1097, 644, 59, 'Akshay Gadhiya'),
(1098, 645, 59, '2017'),
(1099, 646, 59, 'orange'),
(1100, 647, 59, '8 speed'),
(1101, 648, 59, '2'),
(1102, 649, 59, 'power steering'),
(1103, 650, 59, 'disc brake,drum brake,air brake'),
(1104, 651, 59, 'tubeless , radial'),
(1105, 652, 59, '2'),
(1106, 653, 59, 'petrol'),
(1107, 654, 59, '269@mph-2.3rpm'),
(1108, 655, 59, '2900CC'),
(1109, 656, 59, 'Direct Injection'),
(1110, 657, 59, 'Yes'),
(1111, 658, 59, 'Yes'),
(1112, 659, 59, '1800mm'),
(1113, 660, 59, '1850mm'),
(1114, 661, 59, '1500mm'),
(1115, 662, 59, '2530kg'),
(1116, 72, 60, 'vishal savani'),
(1117, 73, 60, '2010'),
(1118, 74, 60, 'orange'),
(1119, 75, 60, '5 speed'),
(1120, 76, 60, '5'),
(1121, 77, 60, 'power stearing'),
(1122, 78, 60, 'disc brake,drum brake,air brake'),
(1123, 79, 60, 'tubeless , radial'),
(1124, 80, 60, '5'),
(1125, 81, 60, 'petrol'),
(1126, 82, 60, '58.2bhp@6000rpm'),
(1127, 83, 60, '998cc'),
(1128, 84, 60, 'MPFi'),
(1129, 85, 60, 'No'),
(1130, 86, 60, 'No'),
(1131, 87, 60, '3545mm'),
(1132, 88, 60, '1490mm'),
(1133, 89, 60, '1475mm'),
(1134, 90, 60, '1210kg'),
(1135, 72, 61, 'akash vekriya'),
(1136, 73, 61, '2015'),
(1137, 74, 61, 'orange'),
(1138, 75, 61, '6 speed'),
(1139, 76, 61, '7'),
(1140, 77, 61, 'power stearing'),
(1141, 78, 61, 'disc brake'),
(1142, 79, 61, 'tubeless '),
(1143, 80, 61, '5'),
(1144, 81, 61, 'petrol'),
(1145, 82, 61, '67.1bhp@6000rpm'),
(1146, 83, 61, '998cc'),
(1147, 84, 61, 'Direct Injection'),
(1148, 85, 61, 'Yes'),
(1149, 86, 61, 'No'),
(1150, 87, 61, '3545mm'),
(1151, 88, 61, '1490mm'),
(1152, 89, 61, '1475mm'),
(1153, 90, 61, '1210kg'),
(1154, 1118, 60, 'ram chaaran'),
(1155, 1119, 60, '2013'),
(1156, 1120, 60, 'silver'),
(1157, 1121, 60, '5 speed'),
(1158, 1122, 60, '5'),
(1159, 1123, 60, 'power steering'),
(1160, 1124, 60, 'disc brake, drum brake '),
(1161, 1125, 60, 'tubeless , radial'),
(1162, 1126, 60, '5'),
(1163, 1127, 60, 'petrol'),
(1164, 1128, 60, '86.8bhp@6000rpm'),
(1165, 1129, 60, '1198cc'),
(1166, 1130, 60, 'CRDI'),
(1167, 1131, 60, 'Yes'),
(1168, 1132, 60, 'No'),
(1169, 1133, 60, '3610mm'),
(1170, 1134, 60, '1680mm'),
(1171, 1135, 60, '1500mm'),
(1172, 1136, 60, '-'),
(1173, 1120, 61, 'blue'),
(1174, 1121, 61, '5 speed'),
(1175, 1122, 61, '5'),
(1176, 1123, 61, 'power steering'),
(1177, 1124, 61, 'disc brake, drum brake '),
(1178, 1125, 61, 'tubeless '),
(1179, 1126, 61, '5'),
(1180, 1127, 61, 'diesel'),
(1181, 1128, 61, '86.8bhp@6000rpm'),
(1182, 1129, 61, '1198cc'),
(1183, 1130, 61, 'Direct Injection'),
(1184, 1131, 61, 'Yes'),
(1185, 1132, 61, 'No'),
(1186, 1133, 61, '3610mm'),
(1187, 1134, 61, '1680mm'),
(1188, 1135, 61, '1500mm'),
(1189, 1136, 61, '-'),
(1190, 1118, 62, 'bhailal bhai'),
(1191, 1119, 62, '2013'),
(1192, 1120, 62, 'blue'),
(1193, 1121, 62, '5 speed'),
(1194, 1122, 62, '5'),
(1195, 1123, 62, 'power steering'),
(1196, 1124, 62, 'disc brake'),
(1197, 1125, 62, 'tubeless '),
(1198, 1126, 62, '5'),
(1199, 1127, 62, 'diesel'),
(1200, 1128, 62, '86.8bhp@6000rpm'),
(1201, 1129, 62, '1198cc'),
(1202, 1130, 62, 'Direct Injection'),
(1203, 1131, 62, 'Yes'),
(1204, 1132, 62, 'No'),
(1205, 1133, 62, '3610mm'),
(1206, 1134, 62, '1680mm'),
(1207, 1135, 62, '1500mm'),
(1208, 1136, 62, '-'),
(1209, 1077, 63, 'Akshay'),
(1210, 1078, 63, '2016'),
(1211, 1079, 63, 'white'),
(1212, 1080, 63, '5 Speed'),
(1213, 1081, 63, '5'),
(1214, 1082, 63, 'power stearing'),
(1215, 1083, 63, 'Disc Brake'),
(1216, 1084, 63, 'Tubeless'),
(1217, 1085, 63, '5'),
(1218, 1086, 63, 'Petrol'),
(1219, 1087, 63, '74bhp@4000rpm'),
(1220, 1088, 63, '1248cc'),
(1221, 1089, 63, 'CRDi'),
(1222, 1090, 63, 'Yes'),
(1223, 1091, 63, 'No'),
(1224, 1092, 63, '3840mm'),
(1225, 1093, 63, '1735mm'),
(1226, 1094, 63, '1530mm'),
(1227, 1095, 63, '1405kg'),
(1228, 1077, 64, 'arjun'),
(1229, 1078, 64, '2014'),
(1230, 1079, 64, 'red'),
(1231, 1080, 64, '5 Speed'),
(1232, 1081, 64, '5'),
(1233, 1082, 64, 'power stearing'),
(1234, 1083, 64, 'Disc Brake,Drum Brake'),
(1235, 1084, 64, 'Tubeless'),
(1236, 1085, 64, '5'),
(1237, 1086, 64, 'Diesel'),
(1238, 1087, 64, '74bhp@4000rpm'),
(1239, 1088, 64, '1248cc'),
(1240, 1089, 64, 'CRDi'),
(1241, 1090, 64, 'Yes'),
(1242, 1091, 64, 'No'),
(1243, 1092, 64, '3840mm'),
(1244, 1093, 64, '1735mm'),
(1245, 1094, 64, '1530mm'),
(1246, 1095, 64, '1405kg'),
(1247, 91, 65, 'kishan bhai '),
(1248, 92, 65, '2015'),
(1249, 93, 65, 'red'),
(1250, 94, 65, '5 speed'),
(1251, 95, 65, '5'),
(1252, 96, 65, 'power stearing'),
(1253, 97, 65, 'disc brake,drum brake'),
(1254, 98, 65, 'tubeless , radial'),
(1255, 99, 65, '5'),
(1256, 100, 65, 'diesel'),
(1257, 101, 65, '81.83bhp@6000rpm'),
(1258, 102, 65, '1197cc'),
(1259, 103, 65, 'CRDi'),
(1260, 104, 65, 'Yes'),
(1261, 105, 65, 'No'),
(1262, 106, 65, '3985mm'),
(1263, 107, 65, '1734mm'),
(1264, 108, 65, '1505mm'),
(1265, 109, 65, '-'),
(1266, 91, 66, 'kishan bhai'),
(1267, 92, 66, '2016'),
(1268, 93, 66, 'silver'),
(1269, 94, 66, '6 speed'),
(1270, 95, 66, '5'),
(1271, 96, 66, 'power stearing'),
(1272, 97, 66, 'disc brake'),
(1273, 98, 66, 'tubeless '),
(1274, 99, 66, '5'),
(1275, 100, 66, 'petrol'),
(1276, 101, 66, '81.83bhp@6000rpm'),
(1277, 102, 66, '1197cc'),
(1278, 103, 66, 'CRDi'),
(1279, 104, 66, 'Yes'),
(1280, 105, 66, 'No'),
(1281, 106, 66, '3985mm'),
(1282, 107, 66, '1734mm'),
(1283, 108, 66, '1505mm'),
(1284, 109, 66, '-'),
(1285, 110, 67, 'jay vadi'),
(1286, 111, 67, '2012'),
(1287, 112, 67, 'black'),
(1288, 113, 67, '6 speed'),
(1289, 114, 67, '5'),
(1290, 115, 67, 'power stearing'),
(1291, 116, 67, 'disc brake,drum brake'),
(1292, 117, 67, 'tubeless , radial'),
(1293, 118, 67, '5'),
(1294, 119, 67, 'petrol'),
(1295, 120, 67, '73.97bhp@4000rpm'),
(1296, 121, 67, '1186cc'),
(1297, 122, 67, 'EFI'),
(1298, 123, 67, 'Yes'),
(1299, 124, 67, 'No'),
(1300, 125, 67, '3765mm'),
(1301, 126, 67, '1660mm'),
(1302, 127, 67, '1520mm'),
(1303, 128, 67, '-'),
(1304, 773, 68, 'ashvinbhai dudhat'),
(1305, 774, 68, '2016'),
(1306, 775, 68, 'Black'),
(1307, 776, 68, '7speed'),
(1308, 777, 68, '4'),
(1309, 778, 68, 'power steering'),
(1310, 779, 68, 'disc brake'),
(1311, 780, 68, 'tubeless '),
(1312, 781, 68, '4'),
(1313, 782, 68, 'diesel'),
(1314, 783, 68, '187.74bhp@3800-4000rpm'),
(1315, 784, 68, '1968cc'),
(1316, 785, 68, 'CRDi'),
(1317, 786, 68, 'Yes'),
(1318, 787, 68, 'No'),
(1319, 788, 68, '4663mm'),
(1320, 789, 68, '2140mm'),
(1321, 790, 68, '1659mm'),
(1322, 791, 68, '2440Kg'),
(1323, 811, 69, 'niks tejani'),
(1324, 812, 69, '2016'),
(1325, 813, 69, 'golden'),
(1326, 814, 69, '7speed'),
(1327, 815, 69, '5'),
(1328, 816, 69, 'power steering'),
(1329, 817, 69, 'disc brake'),
(1330, 818, 69, 'tubeless '),
(1331, 819, 69, '5'),
(1332, 820, 69, 'diesel'),
(1333, 821, 69, '181bhp@3500-4000rpm'),
(1334, 822, 69, '1968cc'),
(1335, 823, 69, 'CRDi'),
(1336, 824, 69, 'Yes'),
(1337, 825, 69, 'No'),
(1338, 826, 69, '4388mm'),
(1339, 827, 69, '2019mm'),
(1340, 828, 69, '1608mm'),
(1341, 829, 69, '170mm'),
(1342, 568, 70, 'hiteshbhai gohel'),
(1343, 569, 70, '2015'),
(1344, 570, 70, 'white'),
(1345, 571, 70, '6 speed'),
(1346, 572, 70, '5'),
(1347, 573, 70, 'power steering'),
(1348, 574, 70, 'disc brake'),
(1349, 575, 70, 'tubeless '),
(1350, 576, 70, '5'),
(1351, 577, 70, 'diesel'),
(1352, 578, 70, '174.5bhp@3600-4000rpm'),
(1353, 579, 70, '1968 cc'),
(1354, 580, 70, 'CRDi'),
(1355, 581, 70, 'Yes'),
(1356, 582, 70, 'No'),
(1357, 583, 70, '4861mm'),
(1358, 585, 70, '1483mm'),
(1359, 586, 70, '2060kg'),
(1360, 587, 71, 'kanjibhai lokhnde'),
(1361, 588, 71, '2015'),
(1362, 589, 71, 'white'),
(1363, 590, 71, '5 speed'),
(1364, 591, 71, '5'),
(1365, 592, 71, 'power steering'),
(1366, 593, 71, 'disc brake'),
(1367, 594, 71, 'tubeless '),
(1368, 595, 71, '5'),
(1369, 596, 71, 'petrol'),
(1370, 597, 71, '98.6bhp@3600rpm'),
(1371, 598, 71, '1498 cc'),
(1372, 599, 71, 'CRDi'),
(1373, 600, 71, 'Yes'),
(1374, 601, 71, 'No'),
(1375, 602, 71, '4440mm'),
(1376, 603, 71, '1695mm'),
(1377, 604, 71, '1495mm'),
(1378, 605, 71, '-');

-- --------------------------------------------------------

--
-- Table structure for table `tbl_banner`
--

CREATE TABLE `tbl_banner` (
  `banner_id` int(5) NOT NULL,
  `path` varchar(50) NOT NULL,
  `status` int(5) NOT NULL,
  `category_id` varchar(10) NOT NULL
) ENGINE=InnoDB DEFAULT CHARSET=latin1;

--
-- Dumping data for table `tbl_banner`
--

INSERT INTO `tbl_banner` (`banner_id`, `path`, `status`, `category_id`) VALUES
(8, 'visitor/images/banner/banner_6.jpg', 1, '53'),
(10, 'visitor/images/banner/banner_8.jpg', 1, '65');

-- --------------------------------------------------------

--
-- Table structure for table `tbl_booking`
--

CREATE TABLE `tbl_booking` (
  `booking_id` int(5) NOT NULL,
  `plat_no` varchar(20) NOT NULL,
  `registration_id` int(5) NOT NULL,
  `pic_drop` varchar(5) NOT NULL,
  `advance_payment` int(5) NOT NULL,
  `book_date` date NOT NULL,
  `request_date` date NOT NULL,
  `complate_date` date NOT NULL,
  `status` int(5) NOT NULL,
  `message` varchar(500) NOT NULL,
  `amount` int(5) NOT NULL,
  `category_id` int(5) NOT NULL,
  `address` varchar(100) NOT NULL,
  `pd_amount` varchar(50) NOT NULL,
  `location_id` int(5) NOT NULL
) ENGINE=InnoDB DEFAULT CHARSET=latin1;

--
-- Dumping data for table `tbl_booking`
--

INSERT INTO `tbl_booking` (`booking_id`, `plat_no`, `registration_id`, `pic_drop`, `advance_payment`, `book_date`, `request_date`, `complate_date`, `status`, `message`, `amount`, `category_id`, `address`, `pd_amount`, `location_id`) VALUES
(1, 'gj 05 1978', 1, 'Yes', 0, '2018-04-20', '2018-04-21', '0000-00-00', 2, 'accept', 0, 35, '201 , Patel Park Society , Nana varachha road , surat', '100', 205),
(4, 'gj 05 lj 1928', 13, 'Yes', 0, '0000-00-00', '2018-04-28', '0000-00-00', 2, 'acc', 0, 35, 'hello', '100', 221);

-- --------------------------------------------------------

--
-- Table structure for table `tbl_carmela`
--

CREATE TABLE `tbl_carmela` (
  `carmela_id` int(5) NOT NULL,
  `name` varchar(100) NOT NULL,
  `email` varchar(100) NOT NULL,
  `password` varchar(1000) NOT NULL,
  `contact_no` varchar(12) NOT NULL,
  `location_id` int(5) NOT NULL,
  `address` varchar(200) NOT NULL,
  `last_login` datetime NOT NULL,
  `profile` varchar(100) NOT NULL,
  `status` int(5) NOT NULL,
  `owner_name` varchar(50) NOT NULL,
  `owner_contact_no` varchar(12) NOT NULL,
  `pincode` int(6) NOT NULL,
  `cover_pic` varchar(100) NOT NULL,
  `join_date` date NOT NULL
) ENGINE=InnoDB DEFAULT CHARSET=latin1;

--
-- Dumping data for table `tbl_carmela`
--

INSERT INTO `tbl_carmela` (`carmela_id`, `name`, `email`, `password`, `contact_no`, `location_id`, `address`, `last_login`, `profile`, `status`, `owner_name`, `owner_contact_no`, `pincode`, `cover_pic`, `join_date`) VALUES
(1, 'patel carhouse', 'akshaygadhiya0@gmail.com', 'bdb6a44e891fd0df943affa4790618dc2f9d51fa4c2616abf1661607e9a22d3770867b5c151672a261375c183bf536f0c9672eafc6776b54b46c750d333950ac9nj+qwWfCnGjoPjGPMZYz+1c0LcwyK6aVF8oS+ztR30=', '9909684989', 205, 'roman point , varachha road', '2018-04-21 09:11:39', 'carmela/images/logo/logo_0.jpg', 1, 'Akshay Gadhiya', '9909684989', 395006, 'carmela/images/coverphoto/cover_0.jpg', '2018-03-13'),
(2, 'Altius Auto Solution', 'nbavishiya25@gmail.com', 'b96fade1732b1c4b3692b7fd65d02b97286b7c1b27b4c25f3233245809cffec6e0d2f28013d74ae65bc7f34f7c00470e217eca38ab3573da0ac6168d6baecd85JUQd+LYMI6O87uODZ+vFh2K/L8c8dPSCTB1ztyIgI5I=', '7845124578', 206, 'Gitanjali Chock', '2018-03-19 11:32:27', 'carmela/images/logo/logo_1.png', 1, 'Dhaval boghara', '7878152378', 395006, '', '2018-03-13'),
(3, 'auto deal', 'autodeal@gmail.com', 'cae32fa5eda6bab8410e4a68b63b0235bd99586c8a5b5ad6aa15aa2d6b3da033933ea6808e97faae7aa5f9ccafc287c77bf9b71a1e6d116844300b3ac3d63fdeKmKh95hLpm26SOvRDl9BK6UM1vbP80PJ4CynfokcE80=', '7845985632', 207, 'athvaget circle , ringroad , surat', '2018-03-19 11:05:40', 'carmela/images/logo/logo_2.jpg', 1, 'Narendra bavishiya', '9979985241', 395001, '', '2018-03-13'),
(4, 'car agent', 'caragent@gmail.com', '3ea7683d994e5b154a97b8b55c0bf94204dec0ff10c0205beac58827928881056cf6bb2fab1f4bcadd772b2d27276f2c589e69c9d3867c7a92c3fb5e67e4d323+TmjGPVJu1VuTQE+xMXXp6Io4tFhGAXZfeUAtkEbzuM=', '9978858075', 209, 'singpore , ved road , katargam', '2018-03-19 12:28:52', 'carmela/images/logo/logo_3.jpg', 1, 'tushar koldiya', '9978858075', 395004, '', '2018-03-13'),
(5, 'car bazaar', 'carbazaar@gmail.com', '815bfc2471d3b9eff8ee39e2a45473f0450780709ee650b6bf10ea81690acc2ec2924b0b6a1299911511299cb7b8dc07080cb6cf10bb5d058bfa1b26e75251devTtVUh2eTwqEEdRbwWWwbWdJTk8nky5WN3N9BJh6MY4=', '8200255807', 211, 'saprabhatha road , amroli', '2018-03-19 12:18:38', 'carmela/images/logo/logo_4.jpg', 1, 'jaydip virani', '8200255807', 394107, '', '2018-03-13'),
(6, 'car dealer', 'cardealer@gmail.com', '37fd009eee8b316040c75b750a25a0e5e9bfc2641f35b811cde0265e18e47cbfa20f0bf1bbfbd01a8b9b9c783761cba2ae24b765d93809c6644e1ce86d56d4d5j+aqaZpDe6qyX5MR/AqKB2rFzptVURGAgqk9+pZLwqw=', '8530084989', 213, 'talavadi road , bardoli', '2018-03-19 12:18:09', 'carmela/images/logo/logo_5.jpg', 1, 'arjun divakar', '8530089989', 394601, '', '2018-03-13'),
(7, 'car max', 'carmax@gmail.com', '963f9201d9d3558301be6a06e175f8df836af871d42c4a190443d3368b298bcffd59f70c342ad0815f99c7f238585ad61a7cf9d6aa6d6d1d0fa70e1a0b033073ewbTPzNoNajmgul5YI65yUHGPrMiw31E2wTnhIhEdp0=', '7845127845', 215, 'jain temple , near bhagvan mahavir college , vesu', '2013-03-18 11:54:55', 'carmela/images/logo/logo_6.png', 1, 'mitesh khunt', '7845127845', 395007, '', '2018-03-13'),
(8, 'carmela di caro', 'carmeladicaro@gmail.com', 'bb8f2346cea6748b3d4ae317ed55df6603a40c23e4cea7407cc4d561818aafac25833977855764f94cc86d542fca00e7a8f76784f2b996bf9d943f6c068d43ebmPikw6isdujcOpKXJ1ffM9uqhqfpEXoqpFagXj0+2Ms=', '7845128956', 254, 'jubilee garden , sadar', '2018-03-19 02:10:05', 'carmela/images/logo/logo_7.png', 1, 'parsant italiya', '7845128956', 360001, '', '2018-03-13'),
(9, 'dream cars credit', 'dreamcarcredit@gmail.com', '345e23a6290bcab1e2b11bfb1fce1cd4535d537169782b0c067a43d7fb584045fb8b90fc714a04b6cdd43bf1a9582d9bacaaa405bc6de01abe2e958c339c0030wnfzXlaF4KYS2GhIkKLnmAr8Mx2wCsZolNLn7aHImAU=', '7845124512', 263, 'pandav vadi , nikol', '2013-03-18 12:00:08', 'carmela/images/logo/logo_8.jpeg', 1, 'nisant thummer', '7845124512', 382350, '', '2018-03-13'),
(10, 'flash car', 'flashcar@gmail.com', 'dbfa8336bc01426a95655f9d04054644656556d88840c5442411bb3858bf20a81b4d7e2ce1fa2bf8507223eb2316168596a19140077aea12af388c2ccf8c5bf9CATFPvv91TYsXa/Xi2w8x0V6ynAQkT1chzERfprsvDY=', '7845124513', 278, 'ganesh chowk , padra', '2013-03-18 12:02:06', 'carmela/images/logo/logo_9.jpg', 1, 'ramani ankit', '7845124513', 391440, '', '2018-03-13'),
(12, 'harsh motors', 'hashmotors@gmail.com', '73cf0e45b389b8f660688f2626e192017d729af9aaf687b0ada37c1ec730a169b17ace154771c647507b639090a460b75c96a56830ad9dc9fbddb69969916ff4BxddOF7P6MJ2xT+/ACo7HEX+/omxEq6eLiN/GxxQdMA=', '7845124515', 354, 'chimbali road , chimbali', '2013-03-18 12:05:51', 'carmela/images/logo/logo_11.png', 1, 'vishal savani', '7845124515', 412105, '', '2018-03-13'),
(13, 'j c auto sales', 'jcaurosales@gmail.com', '6d73b37464be8ad7c6e360983d793e2a0a46a3e91a2739e5b47d28ed69ec4dba4ac6932a6043d6c0267d46d5a72a36371dddcaa1cc5907e052ecb93f79934fcdqGf6uuRd4E1ZJGR91D6zaPEoXExbrSbrdD0PiKBYTI8=', '7845124511', 361, 'jawar road , trimbak', '2013-03-18 12:07:40', 'carmela/images/logo/logo_12.png', 1, 'kishan vekriya', '7845124511', 422212, '', '2018-03-13'),
(14, 'kataria car dream', 'katariacardream@gmail.com', 'afe07c4e1225f8dd69380877e4af7d1cb7ad08c45485b5ad198d03b456c653866aac2c436debe751b700689d3ac04c6916a955f45e72e80278e2e46a8d1fcd32GCU/KKTX0TVuxqDOQmnQz94gKYx3lvzSITkM8Tf7UUY=', '7845124510', 303, 'manvi chowk , jodiya', '2018-04-19 06:05:01', 'carmela/images/logo/logo_13.png', 1, 'ramesh khunt', '7845124510', 361250, '', '2018-03-13'),
(15, 'mcewin motors', 'mcewinmotor@gmail.com', '6e9411011e18e50d75c7b4ea83b7c4c339df94d52f03e6f5c9a55d32aec26af66a53df0c7d3ba5141664c854ba78d59ae261486d2aebcb52559c187d0b3961e69TBRidJAZynOZZwR+g2arceqTh4ex0E5WewVOSbwaek=', '7845124517', 326, 'ambavadi road , jalalpore', '2018-04-19 05:34:19', 'carmela/images/logo/logo_14.png', 1, 'kantilal shah', '7845124517', 396421, '', '2018-03-13'),
(16, 'moscow cars', 'moscowcars@gmail.com', 'c8cd1ec4f884ef37afb1067da4224f942765d150100457b458f3f084572df5dfd86956a472e8caf2e86955b4ed2cf62d9711490bff121a3d76a5366b13aa6fb6vuwfyJNeTYn0XZ+Ex7GLVwOWVGey083pWp2X+d6bBbk=', '7845124519', 339, 'station road , limbdi', '2018-04-19 03:54:05', 'carmela/images/logo/logo_15.jpg', 1, 'hareshbhai shah', '7845124519', 389180, '', '2018-03-13'),
(17, 'osaka car sales', 'osaka@gmail.com', '12312b5c49fd7c6771cfcdae3bdddc936033dd4f63651cf49fd876ad23f1ebef78face0370a24fd85ff89273f04415a16d87238e58d0f753d529d2e7717a2ca4NtAVe0m2M8iY8+dz4cXlgD/0/lyOkjdfr1NABjvLARw=', '7845124520', 332, 'isanpur road , halvad', '2018-04-19 03:42:52', 'carmela/images/logo/logo_16.jpeg', 1, 'umeshbhai patel', '7845124520', 363330, '', '2018-03-13'),
(18, 'papp brothers car', 'pappbrother@gmail.com', 'beee0c6a1a19755b3c10311c86421bb4fb47d7b3da69de36e21efb3a9334e77bddaa12c50272d91d49533058708a3c6b844bbb31773ed2c73ce3c31981113c1fsmcI4Tx5apiEGG8TH8lUQ7+W0L2gbMas3SCgFMwnuZw=', '7845124521', 296, 'dhrol trikon road , dharol', '2018-03-20 09:22:00', 'carmela/images/logo/logo_17.jpg', 1, 'santibhai koldiya', '7845124521', 361210, '', '2018-03-13'),
(19, 'park marina motors', 'parkmarinamotors@gmail.com', '809354ceab5d9191ba0965d9a8cdd933769c1c5293774971c39689778342f6043bca65f1af59269897e44c00099eb78f08899e43c3ad39a36bc1b1ce404efe4fXR8BQOiJj7ArUY7ok7yPBUz331Zm3oEJ4ABvMdSpWio=', '7845124522', 315, 'petlad borsad road', '2018-04-21 11:18:28', 'carmela/images/logo/logo_18.png', 1, 'jivanlal mehta', '7845124522', 388540, '', '2018-03-13'),
(20, 'showcase auto sales', 'showcase@gmail.com', 'bdb6a44e891fd0df943affa4790618dc2f9d51fa4c2616abf1661607e9a22d3770867b5c151672a261375c183bf536f0c9672eafc6776b54b46c750d333950ac9nj+qwWfCnGjoPjGPMZYz+1c0LcwyK6aVF8oS+ztR30=', '7845124523', 327, 'ashiward bhim mall , chikhli', '2018-04-08 07:50:33', 'carmela/images/logo/logo_19.png', 1, 'shivalal gupta', '7845124523', 396521, '', '2018-03-13'),
(21, 'straight line cars', 'straightline@gmail.com', 'b0c3d62cac957f0a8d1f445a94a1f67b397ad463457335e5e83a986f0c78d27a2c7ca73f2e64e291f71064d2ed0a1cc808719e75d867e1250a6f911dccf0fb0afZnGN+obmMj6f84aUQwsdenAHry7Q81ZhMQKTcNyIuM=', '7845124524', 348, 'juhu beach , juhu', '2018-04-21 11:19:07', 'carmela/images/logo/logo_20.png', 1, 'ramjibhai karkar', '7845124524', 400049, '', '2018-03-13'),
(22, 'superpro auto sales', 'superpro@gmail.com', 'a71bd1c911277012d8d5bed63b6c02d808a281e3ef08d61e2391a28dc7def055e60b568e7421d23616155e268bba9c04857a6f463541f0d496e8865283d325ecjapYWFp/W5D9e+EXORYzsKfM7ogBzgxwVBJ1MmkfLAA=', '7845124525', 350, 'everard internal road , lal baug', '2018-04-02 09:59:17', 'carmela/images/logo/logo_21.jpg', 1, 'mahummd abdula', '7845124525', 400012, '', '2018-03-13'),
(23, 'the car motors', 'thecarmotor@gmail.com', '9c8dbdcbf9a324253ae6be229c1fd6d848a5ddef2d96aa70be297fecb3014abdd5402405bf8f1ee3531c888fba562b223663658c086f2520baa3f9718bc36313QHIgIy28+shZsJfnFJrlcOpif2NDvzY/U7iiu6OGYug=', '7845124526', 305, 'amrutshar cross road', '2018-04-08 03:41:30', 'carmela/images/logo/logo_22.png', 1, 'laljibhai badshah', '7845124526', 362220, 'carmela/images/coverphoto/cover_22.jpg', '2018-03-13'),
(24, 'true car', 'truecar@gmail.com', 'b5e028c138232017efce66fe660b3357647ad5999e9f9d29aa222af5a294964d6781b6a2001b7b90a69e9787a80fea9d5ec6a612bb75c93cf960a9ec4e73ebc1kcGKbTBYrTwvQRF1lciEMMy/AJKnqMoP89iY6RLXUKM=', '7845124527', 286, 'songhadh road , palitana', '2013-03-18 12:29:52', 'carmela/images/logo/logo_23.png', 1, 'alibaba shah', '7845124527', 364270, '', '2018-03-13'),
(25, 'u cars manila', 'ucarmanila@gmail.com', '5a4f7f92a7ae3739f315dcf6439a7833ecc7d957d9f669d21eaaf3c3740f7f794b295a5abd3399d050122a1707613879dfc5642137c2131a87fb2b916f5ec492pv2c1eA2SpGB9CK8MgKv+etJptgv3sAoT91jENjb4T8=', '7845124530', 288, 'rto circle , rajpara', '2018-03-28 09:05:32', 'carmela/images/logo/logo_24.jpg', 1, 'kesod bhai', '7845124530', 364060, '', '2018-03-13'),
(26, 'vista auto sales', 'vistaauto@gmail.com', '0703f1b3678cce31d119615ad96367e36d2efb2abd75da8358449387a133ef44907cbdd89dd507ef5e8f6a5bf8befbafe876437b4826e85975b5e5975292d688U3Q+y+lgV+maUgQ7eCdRD7cgtWrupnAdic9GbyYmpRM=', '7845124531', 352, 'sun city road', '2018-03-28 02:28:33', 'carmela/images/logo/logo_25.png', 1, 'chndubhai mehta', '7845124531', 400056, '', '2018-03-13'),
(27, 'wheels deals', 'wheelsdeals@gmail.com', 'e577b9e21eaec5169c0468bc3fdfc19f7440d8ce677d57d2d709bd3e3f483c8be402c0a7afed328e8bbb331c1cfc24c7b7592bcfd075e4dc1facac36fe56ded2nuZ4UvTZ9DKqwHC5KG9DjzLWku0DclAtvCAnDq3RlaQ=', '9909684989', 345, 'pali hill , bandra', '2018-03-28 03:13:52', 'carmela/images/logo/logo_26.jpg', 1, 'madhusudan parekh', '9909684989', 400050, '', '2018-03-13'),
(28, 'Jenny Carhouse', 'jennycarmela@gmail.com', 'c236854e7421563b6ee1576495748f73a2aec99ef8cad5dd0cbc2269e14e9936f21a90e62c5925ed9650d72a1e6458a4a00c8cce72dc50308f55ac712f1e300df4vd4oyPU6Ka0Ke25E+0U4OwGULU89rhGuKPK5ZeSS8=', '7779092666', 205, '301-310, Purvi Society, Hirabaug.', '2018-04-11 05:20:01', 'carmela/images/coverphoto/logo_27.jpg', 1, 'Ankit Ramani', '9727650690', 395006, 'carmela/images/coverphoto/cover_27.jpg', '2018-03-17'),
(29, 'patel car', 'patelcarhouse12@gmail.com', 'b44a0b6137518da4d9f444f47588bfa45b249dbc200c7b89684d65979723167d883f55a4bf51f2725b807ae091176d1cb0057f3dceba8289a973b0431d83b031CHFhcswypF6jgzGGFGEwfMYFDqkhxa5zZ+vt3nSCigA=', '7878152378', 209, 'vadinath', '2018-04-21 12:53:38', 'carmela/images/logo/logo_282.jpg', 1, 'dhaval', '7878152378', 375890, '', '2018-04-21');

-- --------------------------------------------------------

--
-- Table structure for table `tbl_carmela_gallery`
--

CREATE TABLE `tbl_carmela_gallery` (
  `gallery_id` int(5) NOT NULL,
  `carmela_id` int(5) NOT NULL,
  `photo` varchar(1000) NOT NULL,
  `type` varchar(100) NOT NULL
) ENGINE=InnoDB DEFAULT CHARSET=latin1;

--
-- Dumping data for table `tbl_carmela_gallery`
--

INSERT INTO `tbl_carmela_gallery` (`gallery_id`, `carmela_id`, `photo`, `type`) VALUES
(1, 1, 'carmela/images/card/card_0.JPG', 'visiting_card'),
(2, 2, 'carmela/images/card/card_1.JPG', 'visiting_card'),
(3, 3, 'carmela/images/card/card_2.JPG', 'visiting_card'),
(4, 4, 'carmela/images/card/card_3.JPG', 'visiting_card'),
(5, 5, 'carmela/images/card/card_4.JPG', 'visiting_card'),
(6, 6, 'carmela/images/card/card_5.JPG', 'visiting_card'),
(7, 7, 'carmela/images/card/card_6.JPG', 'visiting_card'),
(8, 8, 'carmela/images/card/card_7.JPG', 'visiting_card'),
(9, 9, 'carmela/images/card/card_8.JPG', 'visiting_card'),
(10, 10, 'carmela/images/card/card_9.JPG', 'visiting_card'),
(11, 11, 'carmela/images/card/card_10.JPG', 'visiting_card'),
(12, 12, 'carmela/images/card/card_11.JPG', 'visiting_card'),
(13, 13, 'carmela/images/card/card_12.JPG', 'visiting_card'),
(14, 14, 'carmela/images/card/card_13.JPG', 'visiting_card'),
(15, 15, 'carmela/images/card/card_14.JPG', 'visiting_card'),
(16, 16, 'carmela/images/card/card_15.JPG', 'visiting_card'),
(17, 17, 'carmela/images/card/card_16.JPG', 'visiting_card'),
(18, 18, 'carmela/images/card/card_17.JPG', 'visiting_card'),
(19, 19, 'carmela/images/card/card_18.JPG', 'visiting_card'),
(20, 20, 'carmela/images/card/card_19.JPG', 'visiting_card'),
(21, 21, 'carmela/images/card/card_20.JPG', 'visiting_card'),
(22, 22, 'carmela/images/card/card_21.JPG', 'visiting_card'),
(23, 23, 'carmela/images/card/card_22.JPG', 'visiting_card'),
(24, 24, 'carmela/images/card/card_23.JPG', 'visiting_card'),
(25, 25, 'carmela/images/card/card_24.JPG', 'visiting_card'),
(26, 26, 'carmela/images/card/card_25.JPG', 'visiting_card'),
(27, 27, 'carmela/images/card/card_26.JPG', 'visiting_card'),
(34, 1, 'carmela/images/carmela/carmela_1_27_0.jpg', 'carmela'),
(35, 1, 'carmela/images/carmela/carmela_1_34_1.jpg', 'carmela'),
(38, 1, 'carmela/images/carmela/carmela_37_0.jpg', 'carmela'),
(39, 28, 'carmela/images/card/card_38.jpg', 'visiting_card'),
(40, 28, 'carmela/images/carmela/carmela_28_39_0.jpg', 'carmela'),
(41, 28, 'carmela/images/carmela/carmela_28_40_1.jpg', 'carmela'),
(42, 28, 'carmela/images/carmela/carmela_28_41_2.jpg', 'carmela'),
(43, 28, 'carmela/images/carmela/carmela_28_42_3.jpg', 'carmela'),
(44, 29, 'carmela/images/card/card_43.jpg', 'visiting_card'),
(45, 3, 'carmela/images/carmela/carmela_3_44_0.jpg', 'carmela'),
(46, 3, 'carmela/images/carmela/carmela_3_45_0.jpg', 'carmela'),
(47, 3, 'carmela/images/carmela/carmela_3_46_1.jpg', 'carmela'),
(48, 3, 'carmela/images/carmela/carmela_3_47_2.jpg', 'carmela'),
(49, 3, 'carmela/images/carmela/carmela_3_48_0.jpg', 'carmela'),
(50, 3, 'carmela/images/carmela/carmela_3_49_1.jpg', 'carmela'),
(51, 3, 'carmela/images/carmela/carmela_3_50_3.jpg', 'carmela'),
(52, 30, 'carmela/images/card/card_51.jpg', 'visiting_card'),
(53, 23, 'carmela/images/carmela/carmela_23_52_01.jpg', 'carmela'),
(54, 23, 'carmela/images/carmela/carmela_23_53_1.jpg', 'carmela'),
(55, 23, 'carmela/images/carmela/carmela_23_54_2.jpg', 'carmela'),
(56, 23, 'carmela/images/carmela/carmela_23_55_3.jpg', 'carmela'),
(57, 20, 'carmela/images/carmela/carmela_20_56_0.jpg', 'carmela'),
(58, 20, 'carmela/images/carmela/carmela_20_57_1.jpg', 'carmela'),
(59, 20, 'carmela/images/carmela/carmela_20_58_2.jpg', 'carmela'),
(60, 20, 'carmela/images/carmela/carmela_20_59_3.jpg', 'carmela'),
(61, 31, 'carmela/images/card/card_60.jpg', 'visiting_card'),
(62, 31, 'carmela/images/carmela/carmela_31_61_0.jpg', 'carmela'),
(63, 31, 'carmela/images/carmela/carmela_31_62_1.jpg', 'carmela'),
(64, 31, 'carmela/images/carmela/carmela_31_63_2.jpg', 'carmela'),
(65, 31, 'carmela/images/carmela/carmela_31_64_3.jpg', 'carmela'),
(66, 32, 'carmela/images/card/card_65.jpg', 'visiting_card'),
(67, 32, 'carmela/images/carmela/car_66.jpg', 'carmela'),
(68, 32, 'carmela/images/carmela/carmela_32_67_1.jpg', 'carmela'),
(69, 32, 'carmela/images/carmela/carmela_32_68_2.jpg', 'carmela'),
(70, 33, 'carmela/images/card/card_69.jpg', 'visiting_card'),
(71, 34, 'carmela/images/card/card_70.jpg', 'visiting_card'),
(72, 29, 'carmela/images/card/card_71.jpg', 'visiting_card');

-- --------------------------------------------------------

--
-- Table structure for table `tbl_carmela_review`
--

CREATE TABLE `tbl_carmela_review` (
  `review_id` int(5) NOT NULL,
  `carmela_id` int(5) NOT NULL,
  `register_id` int(5) NOT NULL,
  `review` varchar(2000) NOT NULL,
  `date` date NOT NULL,
  `status` int(5) NOT NULL,
  `del_status` int(5) NOT NULL
) ENGINE=InnoDB DEFAULT CHARSET=latin1;

--
-- Dumping data for table `tbl_carmela_review`
--

INSERT INTO `tbl_carmela_review` (`review_id`, `carmela_id`, `register_id`, `review`, `date`, `status`, `del_status`) VALUES
(1, 1, 7, '\"Awesome Work\"\n\nObjectively re-engineer maintainable total linkage after proactive intellectual capital. Dynamically evolve best-of-breed e-services for user-centric customer.', '2018-04-19', 1, 0),
(2, 3, 7, '\"Awesome Work\"\n\nObjectively re-engineer maintainable total linkage after proactive intellectual capital. Dynamically evolve best-of-breed e-services for user-centric customer.', '2018-04-19', 1, 0),
(3, 5, 7, '\"Awesome Work\"\n\nObjectively re-engineer maintainable total linkage after proactive intellectual capital. Dynamically evolve best-of-breed e-services for user-centric customer.', '2018-04-19', 1, 0),
(4, 7, 7, '\"Awesome Work\"\n\nObjectively re-engineer maintainable total linkage after proactive intellectual capital. Dynamically evolve best-of-breed e-services for user-centric customer.', '2018-04-19', 1, 0),
(5, 9, 7, '\"Awesome Work\"\n\nObjectively re-engineer maintainable total linkage after proactive intellectual capital. Dynamically evolve best-of-breed e-services for user-centric customer.', '2018-04-19', 1, 0),
(6, 2, 7, '\"Excellent Customer Service\"\n\nI bought a Terrano in this showroom. I had visited other dealers and must say that I chose the right. Their service has been excellent from making the offer and delivering the car.', '2018-04-19', 1, 0),
(7, 4, 7, '\"Excellent Customer Service\"\n\nI bought a Terrano in this showroom. I had visited other Nissan Showrooms/dealers and must say that I chose the right Nissan dealer. Their service has been excellent from making the offer and delivering the car.', '2018-04-19', 1, 0),
(8, 6, 7, '\"Excellent Customer Service\"\n\nI bought a Terrano in this showroom. I had visited other dealers and must say that I chose the right  Their service has been excellent from making the offer and delivering the car.', '2018-04-19', 1, 0),
(9, 8, 7, '\"EXCELLENT CUSTOMER SERVICE\"\n\nI BOUGHT A TERRANO IN THIS SHOWROOM. I HAD VISITED OTHER DEALERS AND MUST SAY THAT I CHOSE THE RIGHT  THEIR SERVICE HAS BEEN EXCELLENT FROM MAKING THE OFFER AND DELIVERING THE CAR.', '2018-04-19', 1, 0),
(10, 10, 7, '\"EXCELLENT CUSTOMER SERVICE\"\n\nI BOUGHT A TERRANO IN THIS SHOWROOM. I HAD VISITED OTHER DEALERS AND MUST SAY THAT I CHOSE THE RIGHT  THEIR SERVICE HAS BEEN EXCELLENT FROM MAKING THE OFFER AND DELIVERING THE CAR.', '2018-04-19', 1, 0),
(11, 12, 7, '\"fast service!!\"\n\nStaff was helpful all management was nice , ease of paper work and they provide fast services.', '2018-04-19', 1, 0),
(12, 14, 7, '\"fast service!!\"\n\nStaff was helpful all management was nice , ease of paper work and they provide fast services.', '2018-04-19', 1, 0),
(13, 16, 7, '\"fast service!!\"\n\nStaff was helpful all management was nice , ease of paper work and they provide fast services.', '2018-04-19', 1, 0),
(14, 18, 7, '\"fast service!!\"\n\nStaff was helpful all management was nice , ease of paper work and they provide fast services.', '2018-04-19', 1, 0),
(15, 20, 7, '\"fast service!!\"\n\nStaff was helpful all management was nice , ease of paper work and they provide fast services.', '2018-04-19', 1, 0),
(16, 13, 7, '\"Service advisor knowledge was good!\"\n\nThe staff was cordial and responsive to us. They helped us with all the services guidance and knowledge.', '2018-04-19', 1, 0),
(17, 15, 7, '\"Service advisor knowledge was good!\"\n\nThe staff was cordial and responsive to us. They helped us with all the services guidance and knowledge.', '2018-04-19', 1, 0),
(18, 17, 7, '\"Service advisor knowledge was good!\"\n\nThe staff was cordial and responsive to us. They helped us with all the services guidance and knowledge.', '2018-04-19', 1, 0),
(19, 19, 7, '\"Service advisor knowledge was good!\"\n\nThe staff was cordial and responsive to us. They helped us with all the services guidance and knowledge.', '2018-04-19', 1, 0),
(20, 1, 6, 'April 15, 2018\nSALES VISIT - USED\n\"I love my new cute little used car!\" - Cath5\nGreat service and wonderful staff! We were treated very well as soon as we entered this dealership. Alex(Lev) Levesque was helpful and knowledgeable. On the test drive-gave us good directions and was very friendly', '2018-04-19', 1, 0),
(21, 3, 6, 'April 15, 2018\nSALES VISIT - USED\n\"I love my new cute little used car!\" - Cath5\nGreat service and wonderful staff! We were treated very well as soon as we entered this dealership. Alex(Lev) Levesque was helpful and knowledgeable. On the test drive-gave us good directions and was very friendly', '2018-04-19', 1, 0),
(22, 5, 6, 'April 15, 2018\nSALES VISIT - USED\n\"I love my new cute little used car!\" - Cath5\nGreat service and wonderful staff! We were treated very well as soon as we entered this dealership. Alex(Lev) Levesque was helpful and knowledgeable. On the test drive-gave us good directions and was very friendly', '2018-04-19', 1, 0),
(23, 7, 6, 'April 15, 2018\nSALES VISIT - USED\n\"I love my new cute little used car!\" - Cath5\nGreat service and wonderful staff! We were treated very well as soon as we entered this dealership. Alex(Lev) Levesque was helpful and knowledgeable. On the test drive-gave us good directions and was very friendly', '2018-04-19', 1, 0),
(24, 8, 6, 'April 15, 2018\nSALES VISIT - USED\n\"I love my new cute little used car!\" - Cath5\nGreat service and wonderful staff! We were treated very well as soon as we entered this dealership. Alex(Lev) Levesque was helpful and knowledgeable. On the test drive-gave us good directions and was very friendly', '2018-04-19', 1, 0),
(25, 13, 6, 'April 15, 2018\nSALES VISIT - USED\n\"I love my new cute little used car!\" - Cath5\nGreat service and wonderful staff! We were treated very well as soon as we entered this dealership. Alex(Lev) Levesque was helpful and knowledgeable. On the test drive-gave us good directions and was very friendly', '2018-04-19', 1, 0),
(26, 2, 4, 'awesome vehicles and awesome people to deal with by far the best dealership i have been to for a vehicle.Will definitely recommend to anyone wanting a vehicle.', '2018-04-19', 1, 0),
(27, 4, 4, 'awesome vehicles and awesome people to deal with by far the best dealership i have been to for a vehicle.Will definitely recommend to anyone wanting a vehicle.', '2018-04-19', 1, 0),
(28, 6, 4, 'awesome vehicles and awesome people to deal with by far the best dealership i have been to for a vehicle.Will definitely recommend to anyone wanting a vehicle.', '2018-04-19', 1, 0),
(29, 8, 4, 'awesome vehicles and awesome people to deal with by far the best dealership i have been to for a vehicle.Will definitely recommend to anyone wanting a vehicle.', '2018-04-19', 1, 0),
(30, 10, 4, 'awesome vehicles and awesome people to deal with by far the best dealership i have been to for a vehicle.Will definitely recommend to anyone wanting a vehicle.', '2018-04-19', 1, 0),
(31, 13, 4, 'This dealership and the vehicles they sell are too good to be true. You will be treated very well, they will seem like they are helpful and want the best for you and will be understanding if your needs....BUT this is all to suck you in to buy a vehicle that is actually a piece of crap! You will be lied to.. you will pay ', '2018-04-19', 1, 0),
(32, 16, 4, 'This dealership and the vehicles they sell are too good to be true. You will be treated very well, they will seem like they are helpful and want the best for you and will be understanding if your needs....BUT this is all to suck you in to buy a vehicle that is actually a piece of crap! You will be lied to.. you will pay ', '2018-04-19', 1, 0),
(33, 19, 4, 'This dealership and the vehicles they sell are too good to be true. You will be treated very well, they will seem like they are helpful and want the best for you and will be understanding if your needs....BUT this is all to suck you in to buy a vehicle that is actually a piece of crap! You will be lied to.. you will pay ', '2018-04-19', 1, 0),
(34, 14, 13, 'hii', '2018-04-21', 0, 0);

-- --------------------------------------------------------

--
-- Table structure for table `tbl_car_detail`
--

CREATE TABLE `tbl_car_detail` (
  `car_id` int(5) NOT NULL,
  `carmela_id` int(5) NOT NULL,
  `carname` varchar(50) NOT NULL,
  `type_id` int(5) NOT NULL,
  `company_id` int(5) NOT NULL,
  `model_id` int(5) NOT NULL,
  `submodel_id` int(5) NOT NULL,
  `price` varchar(10) NOT NULL,
  `description` varchar(2000) NOT NULL,
  `status` int(5) NOT NULL,
  `del_status` int(5) NOT NULL,
  `offer_id` int(5) NOT NULL
) ENGINE=InnoDB DEFAULT CHARSET=latin1;

--
-- Dumping data for table `tbl_car_detail`
--

INSERT INTO `tbl_car_detail` (`car_id`, `carmela_id`, `carname`, `type_id`, `company_id`, `model_id`, `submodel_id`, `price`, `description`, `status`, `del_status`, `offer_id`) VALUES
(1, 21, 'BMW M3 GTS', 2, 11, 48, 171, '100000', '<p>BMW is an iconic luxury car maker head-quartered in Germany, who has a large fleet of models in India. Recently it also added two new variants in its popular M series. Among those two,&nbsp;<strong>BMW M Series M3 Sedan</strong>&nbsp;is the four door variant, which is powered by a 3.0-litre petrol engine under the hood. The manufacturer claims that the vehicle can break the 100 Kmph speed mark in breathtaking 4.1 seconds, which is impressive. One of the most important aspect of this vehicle is its astounding external appearance owing to its sleek body structure, which is highlighted by aggressive cosmetics. Its roof along with B pillars and its alloy wheels have black accents, which further emphasizes its sporty stance. This highly efficient sedan has a slew of advanced features including BMW head-up display with &#39;M-Specific&#39; views for gear indicator, engine revolution and shift light. At the same time, it is also blessed with features like a sophisticated infotainment system including an iDrive touch controller and park distance control function. This luxury sedan looks compact from its outside, there is an ample space available inside that can provide seating to at least five occupants. There is an extensive use of leather and metallic accents given inside the cabin that further adds to its majestic stance. Currently, it is positioned against the likes of Audi S4 and Mercedes Benz CLA 45 AMG in the Indian automobile market.</p>\r\n', 1, 0, 0),
(2, 21, 'Alto 800 LXI', 1, 6, 35, 122, '50000', 'BMW is an iconic luxury car maker head-quartered in Germany, who has a large fleet of models in India. Recently it al...', 1, 0, 0),
(3, 21, 'Audi TT', 3, 20, 71, 234, '5542000', '<p>German carmaker Audi has unveiled the RS version of its popular sports car, the TT, in both Coupe and Roadster versions in April 2016. The TT-RS features a 2.5-litre, five-cylinder turbocharged petrol motor that generates 400bhp and 480Nm of torque. The power is sent to all four wheels, courtesy Audi&#39;s Quattro technology. The RS can propel from 0-100 in just 3.7 seconds and has an electronically-limited top speed of 250km/h. It gets trademark RS goodies such as a sporty body kit, a rear wing and an RS Screen on the inside that displays torque and g-forces. The TT-RS will compete against the Porsche 718 Cayman that was recently unveiled at the Beijing Motor Show.&nbsp;</p>\r\n', 1, 0, 0),
(4, 21, 'Audi Q5', 4, 21, 73, 236, '4956000', '<p>The list of comforts&nbsp;offered on the new Q5 includes a 7-inch infotainment system with handwriting recognition, Audi&rsquo;s MMI interface (with navigation) paired with a Bang &amp; Olufsen sound system, and a 12.3-inch &lsquo;Virtual Cockpit&rsquo; which replaces the analogue instrument cluster.&nbsp;</p>\r\n\r\n<p>In terms of safety, the Q5 gets 8 airbags, Audi Parking System Plus with rearview camera, auto hold function, electromechanical parking brake and a tyre pressure monitoring system.&nbsp;</p>\r\n\r\n<p>The Q5 is powered by a 2.0-litre diesel engine which generates 190PS of power and 400Nm of torque. It is mated to a 7-speed dual clutch transmission which sends power to all four wheels. Audi claims that the new Q5 can go from 0-100kmph in 7.1 seconds and onto a top speed of 218kmph. The ARAI-certified fuel economy figure for the Q5 stands at 17.01kmpl, which is about 2.85kmpl more than the outgoing model.</p>\r\n', 1, 0, 0),
(5, 21, 'Audi A3 ', 5, 26, 84, 271, '3506000', '<p>A3 gets subtle styling upgrades, additional features and a new, downsized turbo petrol engine, which is borrowed from the all-new A4. Speaking of the additional features, Audi&#39;s Xenon plus headlamps are now standard in the updated model, while it can also be had with the optional all-LED unit. The similar tail lamps now come with a distinct LED graphic along with Audi&#39;s dynamic turn signals. On the inside, it gets a new three-spoke steering wheel. The infotainment system now comes with Audi&#39;s latest MMI unit and it also gets the Audi phone box (wireless inductive charging). Besides these, rest of the features and cabin elements have been carried forward in the updated model.&nbsp;</p>\r\n\r\n<p>As for the engines, the 2017 A3 comes with a brand new 1.4-litre TFSI turbocharged petrol engine (150PS/250Nm) with cylinder deactivation tech, which has replaced the 1.8-litre TFSI unit available in the pre-facelift model. It is mated to a seven-speed DSG automatic gearbox and returns a certified fuel efficiency of 19.2kmpl, making it the most fuel efficient&nbsp;petrol offering in its price band. The diesel, on the other hand, remains the same &ndash; the 2.0-litre TDI (143PS/320Nm) &ndash; &nbsp;and is coupled to a six-speed DSG automatic transmission.&nbsp;<br />\r\n&nbsp;</p>\r\n', 1, 0, 0),
(6, 21, 'Maruti Swift VDI', 1, 6, 285, 286, '442000', '<p>Maruti Suzuki India Limited has silently introduced the refurbished version of its premium hatchback, Swift in the country&#39;s market. There are several changes made to this vehicle, especially to its features and technical specifications. It is available in several trim levels among which,&nbsp;<strong>Maruti Swift VDI&nbsp;</strong>is their mid range diesel trim. It is powered by the same 1.3-litre DDiS diesel engine, whose ECU (engine control unit) has been updated. As a result of this its fuel economy has been improved by about 10 percent to 25.2 Kmpl, which is quite impressive. As far as its features are concerned, this trim is now available with ABS with EBD and brake assist system as standard. In addition to this, its rear cabin is now fitted with split foldable bench seat, which is also equipped with adjustable head rests. This mid range trim gets a refined internal cabin with sporty wraparound on its door panels including silver inserts. In addition to this, its seat are covered with premium seat upholstery, which further adds to its elegance. In terms of exteriors, this trim gets a modified bumper with silver accents on its fog lamp console. Apart from this, its wheel covers are also updated, which gives a refining look to its exteriors. At present, this hatchback is being offered with a warranty period of 24-months or 40,000 kilometers that can be further extended at an additional price.</p>\r\n', 1, 0, 0),
(7, 21, 'BMW 6 Series', 2, 11, 49, 172, '6528000', '<p>&nbsp;</p>\r\n\r\n<p>The BMW 6-series GT was launched by the master blaster Sachin Tendulkar at the Auto Expo 2018 (read the launch report. Boasting a price tag of Rs 58.9 lakh (ex-showroom India), the car also becomes the first one from the Bavarian manufacturer to feature a BSVI-compliant engine in the country. The Gran Turismo gets an &lsquo;Active&rsquo; kidney grille flanked by double-barrel adaptive LED cornering headlamps. Move over to the side and you&rsquo;ll find a drooping roofline along with swooping lines across the car. The rear features wraparound LED tail lamps and dual exhausts as well. &nbsp;Sharing a lot of design cues with the 5-Series, the 6GT is equipped with a heads-up display, panoramic sunroof, BMW display key and multiple driving modes, including Comfort+, Adaptive, Eco Pro and Sport mode.</p>\r\n\r\n<p>The Gran Turismo gets a 2.0 litre, twin-turbo petrol engine that pumps out 258PS of max power and generates a max torque of 400Nm. This mean motor is paired to an 8-speed ZF automatic transmission</p>\r\n', 1, 0, 0),
(8, 21, 'nissan GT r', 3, 17, 67, 231, '18900000', '<p>I&#39;m sure you&#39;ve heard this a million times by now. The&nbsp;<a href=\"https://www.cardekho.com/nissan/gtr\">Nissan GT-R</a>&nbsp;is a technological marvel. It is what you get when you use the laws of physics to your advantage. It is savagely fast; can tear apart race tracks, and yet drive you back home in comfort. You don&#39;t expect anything less from the most practical people on earth, do you?</p>\r\n', 1, 0, 0),
(9, 21, 'lamborghini Urus', 4, 22, 76, 246, '22500000', '<p>The Urus is a spiritual successor of the Lamborghini LM002 SUV from the 1980s, and marks the carmaker&rsquo;s return to the SUV segment after ages.</p>\r\n\r\n<p>As is the case with all the Lamborghinis, the Urus too shares its name with a bull. While the Urus looks rugged and a high rider, its coup&eacute;-style roofline, frameless doors and other bits are reminiscent of the brand&rsquo;s sports cars. It shares the MLB platform with other high-end performance-oriented SUVs from Volkswagen Group such as the Bentley Bentayga, Audi Q7, and the Porsche Cayenne. The Urus features a front-mounted 4.0-litre twin-turbocharged V8 engine that puts out 650PS of max power and 850Nm of peak torque and is mated to an 8-speed automatic transmission. It sprints from 0-100kmph in merely 3.6 seconds and can hit a top speed of 305kmph.&nbsp;</p>\r\n', 1, 0, 0),
(10, 22, 'Hyundai Era', 1, 7, 36, 125, '573000', '<p>The upcoming Elite i20 facelift will further strengthen sales for the Korean car manufacturer in India. The new model will get fresh cosmetic and feature upgrades. It will be in tune with the company&#39;s current design philosophy. Mechanically it is expected to continue being powered by existing engine options.</p>\r\n\r\n<p>As for the exterior, the new model gets a cascading grille on the front along with the redesigned headlamps. The vehicle will also get LED DRLs and revised bumpers with horizontal foglamps. The sides appear to be more or less similar to the current generation model, however the test mule featured dual tone diamond cut alloys this time around. The ORVMs also feature integrated turn signals. As for the rear, the taillamp cluster has been redesigned for freshness along with a newly designed rear bumper.</p>\r\n\r\n<p>The new Elite i20 will get a revised upholstery for freshness. Moreover, the new model will also get an updated touchscreen infotainment system with Apple CarPlay and Android Auto. The i20 facelift gets silver garnish around the air-conditioning vents and redesigned centre console. As for safety, the Elite i20 facelift will come loaded with front airbags and ABS with EBD.</p>\r\n\r\n<p>Mechanically, the vehicle will continue to be powered by existing petrol and diesel engine options. The petrol version will be powered by a 1.2-litre Kappa Dual VTVT petrol engine mated to a 5-speed manual transmission to generate 82bhp of power. The diesel version will get a 1.4-litre U2 CRDI engine that comes mated to a 6-speed manual gearbox to generate 89bhp of power. The facelift model might also get the 1.4-litre dual VTVT petrol engine generating 99bhp that comes mated to a 4-speed automatic torque converter.</p>\r\n', 1, 0, 0),
(12, 22, 'merecedes benz E class', 2, 12, 53, 180, '5546000', '<p>Mercedes-Benz has launched the third variant of the E-Class in India - the E 220 d - today. It is priced at Rs 57.14 lakh (ex-showroom Pune). With the E 220 d, Mercedes-Benz also introduced its new 2.0-litre diesel engine which replaces the older 2.1-litre unit.</p>\r\n\r\n<p>The new 4-cylinder engine produces 194PS of power and 400Nm of torque. It comes&nbsp;paired to a 9G-TRONIC 9-speed automatic transmission that sends the power to the rear wheels. The setup is enough for the executive saloon to complete the 0-100kmph sprint in 7.3 seconds and hit a top speed of 240kmph.</p>\r\n\r\n<p>Like the E 200, the E 220 d&nbsp;comes with features like LED-powered headlamps, taillamps and daytime running lights (DRLs), rain-sensing windscreen wipers, 17-inch alloy wheels, leather-wrapped multifunction steering wheel, reclining rear seats with comfort headrest, panoramic sunroof, self-park technology, 7 airbags, Apple CarPlay and Android Auto support, a 12.3-inch high-resolution media display and chauffeur package with memory function.</p>\r\n\r\n<p>Service packages for the E 220 d start from Rs 76,600 for a span of two years. Mercedes-Benz is also offering&nbsp;an extended warranty up to 6 years under Advance Assurance Program starting at Rs 75,200.&nbsp;Its list of rivals include the BMW 5 Series, Audi A6, Volvo S90 and the Jaguar XF.</p>\r\n', 1, 0, 0),
(13, 22, 'mustang GT fastback', 3, 18, 68, 232, '6162000', '<p>Euro NCAP has reassessed the Ford Mustang for passenger safety and has upped the overall safety of the car from two to three stars.&nbsp;Compare the two crash test results and you&rsquo;ll notice that the adult and child occupant safety, at 72 per cent and 32 per cent respectively, is exactly the same. But from July 2017 onwards, customers will get an upgraded safety package in the car&nbsp;which includes&nbsp;Pre Collision Assist (with Pedestrian Detection, Forward Collision Warning and Autonomous Emergency Braking) and Lane Keeping Aid. Thanks to these safety systems,&nbsp;the pedestrian and safety assist scores have jumped from 64 per cent and 16 per cent to 78 per cent and 61 per cent respectively.&nbsp;Ford made no changes to the car&rsquo;s structure and the rest of it remains exactly the same.</p>\r\n\r\n<p>Find out more about impact of GST on&nbsp;<a href=\"https://www.cardekho.com/india-car-news/gst-effect-ford-prices-slashed-by-up-to-45-per-cent-20473.htm\"><strong>Ford Mustang</strong></a>&nbsp;prices.</p>\r\n\r\n<p>Ford had launched the much anticipated Mustang at an introductory price of Rs 65 lakh (ex-showroom Delhi) in India last year. The muscle car features a 5.0-litre, Ti-VCT V8 engine which churns out 401PS of power and 515Nm of torque. This potent engine is mated to a 6-speed dual clutch automatic gearbox. This power is enough for the driver to have his moment of fame in any street light drag or the occasional visit to the racing circuit. Features include four selectable drive modes (normal, sport, sport+ and snow/wet), electronic line-lock (a tech aid to help pull off a clean burnout), electronic stability control (ESC) and traction control. You also get a touchscreen infotainment system, Ford MyKey, keyless entry and a push-button start/stop system. Ford has announced that a Hybrid variant of the Mustang is in works and will make its debut in 2020. Meanwhile, Ford has gone ahead and revealed the updated Mustang. The new car features a sleeker design, ', 1, 0, 0),
(14, 22, 'Volvo Xc', 4, 23, 77, 247, '7669000', '<p>Volvo has equipped the diesel engine (D5)&nbsp;of the XC90 with Power Pulse Tech. This has resulted in an increase in power&nbsp;from 228PS/470Nm to 235PS/480Nm. This is applicable for both the&nbsp;Momentum and Inscription variants.</p>\r\n\r\n<p>Volvo&nbsp;launched a plug-in hybrid variant of its flagship SUV, the XC90 on September 14, 2016.&nbsp;It features a 2.0-litre petrol motor that is turbocharged as well as supercharged. The engine is supplemented by an electric powerplant, that gives it a combined power output of 407PS and a peak torque of 640Nm. Unlike the standard diesel XC90 that seats seven, the hybrid is a 4-seater. Available only in the plush &#39;Excellence&#39; variant, the SUV retails for Rs 1.25 crore (ex-showroom, Delhi). The diesel version gets a 2.0-litre&nbsp;engine that is good for 228PS and 470Nm. While there are no direct rivals for the plug-in hybrid version, the standard XC90 goes up against the likes of the Audi Q7, BMW X5 and the Mercedes-Benz GLE-Class.</p>\r\n', 1, 0, 0),
(15, 22, 'mercedes Benz C class', 5, 27, 85, 272, '3909000', '<p>Mercedes-Benz is set to showcase the updated C-Class at the upcoming Geneva Motor Show 2018. The refreshed C-Class gets a host of electronic and tech updates from the flagship S-Class sedan. The updated C-Class is likely to go on sale in global markets towards the end of this year. We expect it to be launched in India in early-2019. The mechanicals are expected to remain intact. You can read more about the changes&nbsp;<a href=\"https://www.cardekho.com/india-car-news/mercedesbenz-to-showcase-updated-cclass-at-geneva-motor-show-2018-21435.htm\" target=\"_blank\"><strong>here</strong></a>.</p>\r\n\r\n<p>The current Mercedes-Benz C-Class comes in India with three petrol engines and a diesel engine. It&rsquo;s available in 3 variants - Style, Avantgarde and Avantgarde Edition C. The current generation C-Class borrows a lot of styling cues from the Mercedes-Benz S-Class. Its list of features include LED intelligent light system, a panoramic sunroof, five driving modes, dual-zone climate control, active parking assist, reversing camera, a Burmester audio system and 16- or 17-inch alloy wheels, which depend on the variant chosen. Turning the C-Class into a fort are 7-airbags, adaptive braking and attention assist. The C-Class is also available as a cabriolet in India, which is powered by a 2.0-litre petrol engine. It&rsquo;s also available in two of its AMG avatars in India - C 43 and C 63 S.</p>\r\n', 1, 0, 0),
(16, 22, 'Hyundai Grand Era', 1, 7, 37, 131, '593000', '<p>The highlight of the base variant is the availability of the driver airbag and driver seatbelt warning. Besides this, the Era variant also comes with basic features such as electric steering, manual air conditioning and front power windows. The multi-information display in the instrument cluster comes with a gear-shift indicator, door and tailgate ajar, average vehicle speed, engine running time and dual tripmeters. It also features plastic door and tailgate handles.&nbsp;</p>\r\n', 1, 0, 0),
(17, 22, 'Audi A3', 2, 13, 54, 195, '3265000', '<p>It is the mid-cycle update of the first-gen A3 sedan (based on the third-gen A3 hatchback), which was launched in India in 2014. Like before, the Mercedes-Benz CLA remains the arch rival of the A3 facelift.&nbsp;</p>\r\n\r\n<p>The 2017 A3 gets subtle styling upgrades, additional features and a new, downsized turbo petrol engine, which is borrowed from the all-new A4. Speaking of the additional features, Audi&#39;s Xenon plus headlamps are now standard in the updated model, while it can also be had with the optional all-LED unit. The similar tail lamps now come with a distinct LED graphic along with Audi&#39;s dynamic turn signals. On the inside, it gets a new three-spoke steering wheel. The infotainment system now comes with Audi&#39;s latest MMI unit and it also gets the Audi phone box (wireless inductive charging). Besides these, rest of the features and cabin elements have been carried forward in the updated model.&nbsp;</p>\r\n\r\n<p>As for the engines, the 2017 A3 comes with a brand new 1.4-litre TFSI turbocharged petrol engine (150PS/250Nm) with cylinder deactivation tech, which has replaced the 1.8-litre TFSI unit available in the pre-facelift model. It is mated to a seven-speed DSG automatic gearbox and returns a certified fuel efficiency of 19.2kmpl, making it the most fuel efficient&nbsp;petrol offering in its price band. The diesel, on the other hand, remains the same &ndash; the 2.0-litre TDI (143PS/320Nm) &ndash; &nbsp;and is coupled to a six-speed DSG automatic transmission.&nbsp;<br />\r\n&nbsp;</p>\r\n', 1, 0, 0),
(18, 22, 'rolls royce wraith', 3, 19, 70, 233, '40500000', '<p>The philosophy of&nbsp;<strong>Rolls-Royce Motor Cars</strong>&nbsp;goes hand in hand with the high fashion industry. Celebrating this, the company has revealed its exclusive &lsquo;Wraith - Inspired by Fashion&#39; edition. This Wraith comes with exquisite and desirable materials enhancing the beauty of this already breathtaking car. Design inspiration comes from different colour palettes, materials and techniques familiar to the fashion industry. Two-tone exterior colour scheme of Andalucian White and Arctic White compliments the signature shoulder-line further accentuated by a new hand-applied feature-line in the selected highlight colour hinting towards the interior of the Wraith. Just like finest clothing, the beauty lines in the extreme attention to detail paid on this vehicle.</p>\r\n', 1, 0, 0),
(19, 22, 'BMW z4 ', 5, 30, 88, 280, '8180000', '<p>BMW has showcased its next-generation BMW Z4 Roadster Concept at the&nbsp;Pebble Beach Concours d&#39;Elegance.&nbsp;With the new BMW VISION NEXT 100 design philosophy, the roadster sheds the traditional look of the Beemer and instead, adorns a new, refreshing look. It is expected to hit the production lines by&nbsp;next year.</p>\r\n\r\n<p>The BMW Z4 is available in India only as a convertible. It is on sale in two variants -&nbsp;sDrive35i and&nbsp;sDrive35i DPT. Both variants are powered by the same 3.0-litre, 6-cylinder turbocharged petrol engine which produces 306PS of power and 400Nm of torque. The engine comes mated to a 7-speed, dual-clutch automatic transmission and power is sent to the rear wheels only.</p>\r\n', 1, 0, 0),
(20, 22, 'jaguar F type', 5, 29, 87, 278, '22500000', '<p>All variants of the Jaguar F Type are pretty much feature-laden and full of the expected technical specs. Engine specification include an engine of 5000cc, which musters up a torque measuring to 700nm@3500rpm and maximum power of 567bhp@6500rpm.&nbsp;<a href=\"https://www.cardekho.com/carmodels/Jaguar/Jaguar_F_Type\">F Type top model</a>&nbsp;coughs out an average or giving an overall mileage of around 6.2&nbsp;kmpl, with a fuel efficiency within a city of 0.0&nbsp;kmpl and on highways the mileage stands out as 12.5&nbsp;kmpl.&nbsp;<a href=\"https://www.cardekho.com/overview/Jaguar_F_Type/Jaguar_F_Type_5.0_Convertible_SVR.htm\">Jaguar F Type&nbsp;Automatic</a>&nbsp;comes in petrol engine options.</p>\r\n', 1, 0, 0),
(21, 22, 'Tata Nexon', 1, 8, 39, 141, '617000', '<p>The Tata Nexon prices start at Rs 5.99 lakh for the base, petrol XE variant and go all the way up to&nbsp;Rs 9.62 lakh for the top-spec diesel XZ+ (Dual-tone) trim (all prices ex-showroom Delhi).&nbsp;The Nexon is launched in five variants - XE, XM, XT, XZ+ and XZ+ (Dual-tone). To know what each variant offers, do watch the&nbsp;<a href=\"https://www.cardekho.com/car-videos/tata-nexon-variants-explained-which-one-to-buy-3531.htm\"><strong>Tata Nexon Variants Review Video</strong></a>. The Tata Nexon delivers a claimed mileage of 17kmpl for the petrol variant and 21.5kmpl for the diesel trims.</p>\r\n\r\n<p>The top-of-the-line Tata Nexon gets features like&nbsp;6.5-inch &lsquo;ConnectNext&rsquo; HD touchscreen infotainment system with Android Auto,&nbsp;multiple drive&nbsp;modes (Eco, City and Sport), projector headlamps with daytime running lights, an 8-speaker sound system (4 speakers + 4 tweeters) and automatic climate control with rear AC vents. Safety features in the Nexon include dual front airbags, ISOFIX child seat mounts and ABS with EBD and CSC (corner stability control) as standard.</p>\r\n\r\n<p>The Tata Nexon has a ground clearance of 209mm (unladen). The boot space of the Tata Nexon is rated at 350 litres which is bigger than the Maruti Suzuki Vitara Brezza&nbsp;and Ford EcoSport, its two biggest competitors. The Nexon is available in five exterior colour options - Moroccan Blue, Vermont Red, Seattle Silver, Glasgow Grey and Calgary White. Watch the&nbsp;<strong><a href=\"https://www.cardekho.com/car-videos/tata-nexon-petrol-and-diesel-first-drive-review-zigwheelscom-3514.htm\" target=\"_blank\">Tata Nexon video review</a></strong>&nbsp;to find out how it feels like to drive.</p>\r\n\r\n<p>If you want something more than the dual-tone shades on offer, Tata is also offering the Aero accessory package which it had earlier showcased at the&nbsp;<strong><a href=\"https://www.cardekho.com/auto-expo.htm\" target=\"_blank\">Auto Expo 2018</a>.</strong>&nbsp;The prices of the add', 1, 0, 0),
(22, 23, 'Tata Nexon', 1, 8, 39, 141, '717000', '<p>All variants of the&nbsp;<a href=\"https://www.cardekho.com/tata/nexon\">Tata Nexon SUV</a>&nbsp;are pretty much feature-laden and full of the expected technical specs.&nbsp;<a href=\"https://www.cardekho.com/tata/nexon\">Nexon&nbsp;Diesel</a>&nbsp;engine specification include an engine of 1497cc, which musters up a torque measuring to 260Nm@1500-2750rpm and maximum power of 108.5bhp@3750rpm.&nbsp;<a href=\"https://www.cardekho.com/tata/nexon\">Nexon top model</a>&nbsp;coughs out an average or giving an overall mileage of around 19.1&nbsp;kmpl, with a fuel efficiency within a city of 16.8&nbsp;kmpl and on highways the mileage stands out as 21.5&nbsp;kmpl.</p>\r\n', 1, 0, 0),
(23, 23, 'Honda city', 2, 15, 62, 216, '891000', '<p>Mechanically, the City is powered by a 1.5-litre i-VTEC petrol and 1.5-litre i-DTEC diesel engine. The petrol engine produces 119PS/145Nm and is mated to either a 5-speed manual transmission or a CVT automatic gearbox. The diesel engine, on the other hand, is good for 100PS/200Nm and is mated to a 6-speed manual transmission. Both the engines are well powered and offer good city and highway drivability.</p>\r\n\r\n<p>The City has a claimed mileage of&nbsp;17.4kmpl and 25.6kmpl for petrol and diesel respectively. The petrol CVT is a bit more efficient&nbsp;than its manual counterpart and has a fuel economy of 18kmpl.</p>\r\n\r\n<p>Features offered on the City include a 7-inch touchscreen infotainment system with navigation and parking camera support, electric sunroof, cruise control, automatic climate control, rear parking camera, auto dimming IRVM, rain-sensing wipers, automatic LED headlamps and push-button start, among others. &nbsp;&nbsp;</p>\r\n', 1, 0, 0),
(24, 23, 'audi R8 v10', 3, 20, 72, 235, '20600000', '<p>German carmaker launched New Audi R8 at the Auto Expo 2016. The model was first introduced at the 2015 Geneva Motor Show. New elements include a digital 12.3-inch Audi Virtual cockpit system with customisation options on the screen. Overall designing and the dimensions remain identical to its predecessor. The vehicle is powered by a 5.2L V10 motor with two engine specifications, delivering 610bhp and 540bhp of output separately. Audi R8 has a top speed of 330kmph and it breaks the 0-100kmph mark in just 3.2 seconds. Using a 7-speed S-Tronic gearbox, the engine sends power to all the four wheels via Quattro AWD system. Audi R8 shares 50% of its parts with R8 LMS and competes with the likes of Mercedes-AMG GT, McLaren 570S and Porsche 911.</p>\r\n', 1, 0, 0),
(25, 23, 'Audi Q5', 4, 21, 73, 236, '5325000', '<p>The list of comforts&nbsp;offered on the new Q5 includes a 7-inch infotainment system with handwriting recognition, Audi&rsquo;s MMI interface (with navigation) paired with a Bang &amp; Olufsen sound system, and a 12.3-inch &lsquo;Virtual Cockpit&rsquo; which replaces the analogue instrument cluster.&nbsp;</p>\r\n\r\n<p>In terms of safety, the Q5 gets 8 airbags, Audi Parking System Plus with rearview camera, auto hold function, electromechanical parking brake and a tyre pressure monitoring system.&nbsp;</p>\r\n\r\n<p>The Q5 is powered by a 2.0-litre diesel engine which generates 190PS of power and 400Nm of torque. It is mated to a 7-speed dual clutch transmission which sends power to all four wheels. Audi claims that the new Q5 can go from 0-100kmph in 7.1 seconds and onto a top speed of 218kmph. The ARAI-certified fuel economy figure for the Q5 stands at 17.01kmpl, which is about 2.85kmpl more than the outgoing model.</p>\r\n', 1, 0, 0),
(26, 23, 'ford Eco sport', 4, 24, 78, 250, '777000', '<p>Ford has introduced a 5-speed manual transmission on the petrol-powered EcoSport Titanium+ variant. Earlier, it was only offered with a 6-speed automatic gearbox.&nbsp;<a href=\"https://www.cardekho.com/india-car-news/ford-ecosport-petrol-titanium-plus-gets-a-manual-transmission-21568.htm\" target=\"_blank\"><strong>Read More</strong></a></p>\r\n\r\n<p>The updated Ford EcoSport was launched in India last year. It is available at a starting price of Rs 7.66 lakh for the base petrol and Rs 8.26 lakh for the base diesel. The top-spec variants are priced at Rs 11.2 lakh and Rs 10.89 lakh (all prices ex-showroom New Delhi) respectively.</p>\r\n\r\n<p>The Ford EcoSport is available in five variants &ndash; Ambiente, Trend, Trend+, Titanium, and Titanium+ &ndash; as before. To know what each variant offers, check out the&nbsp;<strong><a href=\"https://www.cardekho.com/india-car-news/ford-ecosport-facelift-variants-explained-20847.htm\" target=\"_blank\">Ford EcoSport Variants Explained</a></strong>&nbsp;story.</p>\r\n\r\n<p>The EcoSport is powered by a newly introduced 1.5-litre 3-cylinder petrol engine mated to a new 6-speed automatic with paddle shifters, along with the familiar 1.5-litre diesel unit. It delivers a claimed mileage of 17kmpl for the petrol manual, 14.8kmpl for the petrol auto and 23kmpl for the diesel variants.</p>\r\n\r\n<p>It is as feature loaded as before with goodies like 8-inch and 6.5-inch infotainment systems with Apple CarPlay and Android Auto, tyre pressure monitoring system, ambient lighting and projector headlamps. The safety features in the updated EcoSport include dual front airbags, ABS with EBD, front seatbelts with pre-tensioners and load limiters, among others, as standard. The top-spec variants pack Electronic Stability Control, Traction Control, Emergency Brake Assist, and six airbags</p>\r\n', 1, 0, 0),
(27, 23, 'Honda city', 2, 15, 62, 216, '1014000', '<p>Mechanically, the City is powered by a 1.5-litre i-VTEC petrol and 1.5-litre i-DTEC diesel engine. The petrol engine produces 119PS/145Nm and is mated to either a 5-speed manual transmission or a CVT automatic gearbox. The diesel engine, on the other hand, is good for 100PS/200Nm and is mated to a 6-speed manual transmission. Both the engines are well powered and offer good city and highway drivability.</p>\r\n\r\n<p>The City has a claimed mileage of&nbsp;17.4kmpl and 25.6kmpl for petrol and diesel respectively. The petrol CVT is a bit more efficient&nbsp;than its manual counterpart and has a fuel economy of 18kmpl.</p>\r\n\r\n<p>Features offered on the City include a 7-inch touchscreen infotainment system with navigation and parking camera support, electric sunroof, cruise control, automatic climate control, rear parking camera, auto dimming IRVM, rain-sensing wipers, automatic LED headlamps and push-button start, among others. &nbsp;&nbsp;</p>\r\n\r\n<p>For safety, the City gets dual front airbags, ABS with EBD and ISOFIX child seat anchors as standard across its range. However, the top-spec ZX variant gets six airbags instead of two. &nbsp;</p>\r\n', 1, 0, 0),
(28, 23, 'audi s5 3 TFsi', 2, 13, 57, 200, '7060000', '<p>The German automaker launched a new performance sedan in the Indian market with the name&nbsp;<strong>Audi S5</strong>&nbsp;Sportsback in October&nbsp;2016. The car is the first sportsback in its category and will come in the market via CBU route. The coupe styled sedan is powered by 3.0 liter V6 TFSI engine that makes 333 HP and is paired with 7-speed S tronic Transmission. The car takes 5.1 seconds to cross the 100kmph mark. The S5 Sportsback offer Audi Drive Select for regulating engine, transmission and air conditioning system.</p>\r\n', 1, 0, 0),
(29, 23, 'tata bolt XE revotron ', 1, 8, 40, 146, '473000', '<p>the Bolt is Tata&#39;s offering in the competitive B-segment. It goes against the likes of the Maruti Suzuki Swift, Hyundai Grand i10 and the Ford Figo among others. The Bolt shares most of its features with its compact sedan sibling, the Zest. It is powered by the 1.2-litre turbocharged Revotron petrol engine (90PS/140Nm) and the 1.3-litre Quadrajet diesel motor (75PS/190Nm). Both the engines come mated to a 5-speed manual transmission. In terms of fuel efficiency, the petrol returns 17.57kmpl and the diesel is rated at 22.95kmpl.&nbsp;</p>\r\n', 1, 0, 0),
(30, 23, 'mahindra E20 p4', 1, 10, 46, 166, '734000', '<p>On the outside, it sports full wheel caps, a chrome front grille and a standard charging socket. It also gets projector headlights and LED tail lights. For safety, the car gets kit like ISOFIX child seat mounts and hill-hold control (HHC), which prevents the car from rolling back on an incline when you release the accelerator. Airbags or ABS, unfortunately, are not available even as options.</p>\r\n\r\n<p>Once inside, you do realize that the feature list is not expansive. Goodies offered include power windows, remote keyless entry, adjustable head restraints at the front and rear, along with a push button starter. Vinyl upholsters the seats and door trim, and if you want a slightly more premium feel, you will have to pay up for the higher variants. A nice touch is the remote app. This app lets you lock or unlock the doors, check the battery status or even switch on the air-conditioner remotely through your smartphone.</p>\r\n\r\n<p>Of course, this is an electric car, so there is no need for a gearbox, further dropping any transmission loss, while providing the convenience of an automatic car. The e20 Plus comes with a 210 Ah lithium-ion battery. Driving the front wheels is a 3 phase AC induction electric motor, good for producing 19kW of power and 70Nm of torque. On a full charge, the car can manage a claimed range of around 110km. For most users, that is a range good enough for a few days of travel during the daily office runs.</p>\r\n\r\n<p>Since the e2o Plus is the only electric car in its segment, it has no direct rivals, though, its price overlaps with popular petrol/diesel powered hatchbacks and compact sedans.</p>\r\n', 1, 0, 0),
(31, 23, 'skoda rapid TDi', 2, 14, 60, 206, '983000', '<p>All variants of the Skoda Rapid are pretty much feature-laden and full of the expected technical specs.&nbsp;<a href=\"https://www.cardekho.com/carmodels/Skoda/Skoda_Rapid\">Rapid&nbsp;Diesel</a>&nbsp;engine specification include an engine of 1498cc, which musters up a torque measuring to 250Nm@1500-2500rpm and maximum power of 108.4bhp@4000rpm.&nbsp;<a href=\"https://www.cardekho.com/carmodels/Skoda/Skoda_Rapid\">Rapid top model</a>&nbsp;coughs out an average or giving an overall mileage of around 10.8&nbsp;kmpl, with a fuel efficiency within a city of 0.0&nbsp;kmpl and on highways the mileage stands out as 21.66&nbsp;kmpl.&nbsp;<a href=\"https://www.cardekho.com/overview/Skoda_Rapid/Skoda_Rapid_Monte_Carlo_1.6_MPI_AT.htm\">Skoda Rapid&nbsp;Automatic</a>&nbsp;comes in diesel &amp; petrol engine options.</p>\r\n', 1, 0, 0),
(32, 25, 'Hyundai Grand i10 1.2 CRDi Sportz', 1, 7, 37, 133, '607000', '<p>The base variant of the Grand i10 gets front power windows, tachometer, internally adjustable ORVMs (outside rear view mirrors), AC with heater, front power outlet, body-coloured bumpers and engine immobilizer. In the name of safety features there&rsquo;s just the driver-side airbag on offer. On the contrary, the entry-level variants of some of its rivals get both ABS (anti-lock braking system) with EBD (electronic brake-force distribution) and dual front airbags, two must-have safety features in our books.</p>\r\n', 1, 0, 0),
(33, 25, 'volkswagen poloGTI', 1, 9, 44, 164, '920000', '<p>The&nbsp;<strong>Volkswagen Polo GT TSI</strong>&nbsp;comes with an in-line 4-cylinder 1.2-litre TSI petrol engine mated to a 7-speed DSG (dual-clutch) gearbox. The 1.2-litre turbocharged engine churns out 105 PS of power and 175Nm of torque, making it the most powerful petrol Polo in the Indian market. Volkswagen claims that the Polo GT TSI has a fuel efficiency of 17.21kmpl with a fuel tank of 45 litres. It produces 30PS more power and 65Nm of more torque than the standard Polo which is powered by a 1.2-litre 3-cylinder petrol engine.</p>\r\n\r\n<p>The Polo GT TSI has similar dimensions and interiors as the standard Volkswagen Polo. However, apart from the powerful engine, there are many other cosmetic changes that set it apart. It can be distinguished from the standard Polo with the help of the GT TSI badge on the rear and decals on the rear panels. It also has a GT badge on the front grille.</p>\r\n', 1, 0, 0),
(34, 25, 'skoda superb  style 1.8 TSI MT', 2, 14, 61, 211, '2534000', '<p>The price of Skoda Superb is expected to increase with the government increasing the cess over GST by 5 per cent.</p>\r\n\r\n<p>Skoda&#39;s flagship sedan features a ground-up design, which is in line with Skoda&#39;s latest models, and plenty of additional features compared to the previous gen model. Mechanically, it gets&nbsp;the 1.8-litre TSI petrol and the 2.0-litre TDI diesel engines.</p>\r\n\r\n<p>The transmission options on the Superb include a 6-speed manual or 6/7-speed DSG automatic. The certified fuel efficiency of the petrol is 14.12kmpl (manual)/14.67kmpl (automatic), while the diesel, which is only available with the 6-speed DSG automatic transmission, is rated at 18.16kmpl. The Superb goes against the likes of the Toyota Camry and the upcoming Volkswagen Passat.</p>\r\n', 1, 0, 0),
(35, 25, 'renault duster', 4, 25, 81, 266, '795000', '<p>the Duster features a bunch of cosmetic updates.&nbsp;At the front, there&rsquo;s a new chrome-plated grille, three-barrel headlamps with DRLs, sporty crease lines on the bonnet and a larger skid plate. Move to the sides and the refreshed Duster reveals its higher belt line, new aluminium roof bars, newly styled 17-inch alloy wheels, blacked-out wing arch and the more steeply raked windscreen that has been moved forward by 100mm.&nbsp;At the rear, the changes are subtle but make the Duster even more striking. There&rsquo;s a wider skid plate with a satin-chrome finish and the company&rsquo;s signature rear lighting - four red stacked squares.</p>\r\n', 1, 0, 0),
(36, 25, 'Mahindra Verito Vibe', 1, 10, 47, 168, '440000', '<p>he sub-four-metre version of its Verito saloon was initially believed to be a hatchback, but its actually a compact sedan with the boot hinged at the bottom of the rear windscreen. It comes equipped with the same 64bhp Renault K9K 1.5-litre diesel engine that powers the Verito saloon.</p>\r\n', 1, 0, 0),
(37, 25, 'tata nano', 1, 8, 42, 157, '242000', '<p>The Tata Nano is a smart city car and is among the most affordable ones available. Due to its short overhangs and high ground clearance, manoeuvring the Nano in the city is a breeze. Powered by a 624cc engine, it belts out a decent 38PS of max power and 51Nm of peak torque. While it comes with a 5-speed manual gearbox as standard, the Nano is also available with an automated manual transmission/AMT. If you are looking to by the Tata Nano with an automatic transmission, it is available in the XMA and XTA variants.</p>\r\n', 1, 0, 0),
(38, 25, 'Hyundai Elite i20 1.4 Asta', 1, 7, 36, 130, '543000', '<p>the hatchback received minor cosmetic enhancements along with additional features. Frankly there&rsquo;s little to find fault with the car, though we wish Hyundai had done more to make the Elite i20 tempting than ever! Here are the five things that Hyundai could have done to make the 2018 Elite i20 a better package. &nbsp;</p>\r\n', 1, 0, 0),
(39, 25, 'Skoda Superb Style 2.0 TDI AT', 2, 14, 61, 214, '1945000', '<p>efficiency figure of 19.16kmpl is greater than the Superb diesel&rsquo;s 18.19kmpl, so clearly, there&rsquo;s a lot of potential to explore with the Superb hybrid, especially with the recent anti-diesel rhetoric. Skoda will certainly consider getting the hybrid Superb to India, but like the standard model, it has to be built locally to achieve a competitive price. We don&rsquo;t see Skoda having any trouble with that!</p>\r\n', 1, 0, 0),
(40, 25, 'Audi Q7', 4, 21, 74, 240, '7009000', '<p><strong>Audi</strong>&nbsp;India has&nbsp;the petrol-powered&nbsp;<strong>Q7 40 TFSI</strong>&nbsp;in the country. The company has launched it in two trim levels - Premium Plus and Technology.&nbsp;While the former is priced at Rs 67.76&nbsp;lakh, the latter will cost you Rs 74.43&nbsp;lakh (both prices, ex-showroom).</p>\r\n\r\n<p>Both variants are powered by&nbsp;the same 2.0-litre, turbocharged petrol engine. It&nbsp;is tuned to produce 252PS of maximum power and 370Nm of peak torque. It comes mated to an 8-speed Tiptronic automatic transmission that sends power to all four wheels via Audi&rsquo;s quattro drive system. The petrol-powered Q7 accelerates from 0-100kmph in 6.8&nbsp;seconds, which is 0.3 seconds faster than its&nbsp;diesel-powered sibling, the 45 TDI. The&nbsp;certified mileage for the petrol Q7 is clocked at 11.68kmpl.</p>\r\n\r\n<p>As far as features are concerned, they are identical to the ones found on the diesel-fed variants - the&nbsp;<a href=\"https://www.cardekho.com/overview/Audi_Q7/Audi_Q7_45_TDI_Quattro_Premium_Plus.htm\">45 TDI Quattro Premium Plus</a>&nbsp;and the&nbsp;<a href=\"https://www.cardekho.com/overview/Audi_Q7/Audi_Q7_45_TDI_Quattro_Technology.htm\">45 TDI Quattro Technology</a>. The list includes a 360-degree surround-view camera, dynamic LED headlamps, electronically controlled air suspension with variable damping and a panoramic sunroof. While the Q7 Premium Plus trim makes do with 18-inch alloy wheels and Audi&rsquo;s own music system, the Technology trim gets 19-inch alloys, Matrix LED headlamps,&nbsp;a Bose 3D sound system and a MMI navigation Plus kit which includes an 8.3-inch touchscreen display with on-board GPS navigation system.</p>\r\n\r\n<p>&nbsp;</p>\r\n', 1, 0, 0),
(41, 25, 'Audi Q7', 4, 21, 74, 238, '2519000', '<p><strong>Audi</strong>&nbsp;India has&nbsp;&nbsp;the petrol-powered&nbsp;<strong>Q7 40 TFSI</strong>&nbsp;in the country. The company has launched it in two trim levels - Premium Plus and Technology.&nbsp;While the former is priced at Rs 67.76&nbsp;lakh, the latter will cost you Rs 74.43&nbsp;lakh (both prices, ex-showroom).</p>\r\n\r\n<p>Both variants are powered by&nbsp;the same 2.0-litre, turbocharged petrol engine. It&nbsp;is tuned to produce 252PS of maximum power and 370Nm of peak torque. It comes mated to an 8-speed Tiptronic automatic transmission that sends power to all four wheels via Audi&rsquo;s quattro drive system. The petrol-powered Q7 accelerates from 0-100kmph in 6.8&nbsp;seconds, which is 0.3 seconds faster than its&nbsp;diesel-powered sibling, the 45 TDI. The&nbsp;certified mileage for the petrol Q7 is clocked at 11.68kmpl.</p>\r\n\r\n<p>As far as features are concerned, they are identical to the ones found on the diesel-fed variants - the&nbsp;and the. The list includes a 360-degree surround-view camera, dynamic LED headlamps, electronically controlled air suspension with variable damping and a panoramic sunroof. While the Q7 Premium Plus trim makes do with 18-inch alloy wheels and Audi&rsquo;s own music system, the Technology trim gets 19-inch alloys, Matrix LED headlamps,&nbsp;a Bose 3D sound system and a MMI navigation Plus kit which includes an 8.3-inch touchscreen display with on-board GPS navigation system.</p>\r\n', 1, 0, 0),
(42, 26, 'honda city sV MT ', 2, 15, 62, 218, '725000', '<p>Honda Cars India has blown in a fresh breath of life to three of its cars, the Honda City, Amaze and WR-V, by launching upgraded special editions. The Honda City gets a &lsquo;20th Anniversary Edition&rsquo; celebrating its 20 years in the Indian market, while the Amaze gets a &lsquo;Pride Edition&rsquo; and the WR-V comes with the &lsquo;Edge Edition&rsquo;. The special editions are available in a single variant and for the City it is present on the range-topping ZX variant, for WR-V on the &lsquo;S&rsquo; variant, and for the Amaze on the S(O) variant. Here&rsquo;s the extra that you get in each edition.</p>\r\n', 1, 0, 0),
(43, 26, 'bmw m5', 2, 11, 52, 176, '1022000', '<p>&quot;BMW Driving Experience Control (Modes : Comfort, Sport, Sport+)&nbsp;<br />\r\nArmrest front with storage compartment&nbsp;<br />\r\nBMW Individual headliner anthracite&nbsp;<br />\r\nElectric steering column adjustment with Memory&nbsp;<br />\r\nMultifunction M leather steering wheel&nbsp;<br />\r\nSeat adjustment electrical for driver &amp; passenger with memory function for driver&nbsp;<br />\r\nSmokers package&nbsp;<br />\r\nFine-wood trim Ash Grain Brown&nbsp;<br />\r\nFine-wood trim Fineline Anthracite&nbsp;<br />\r\nInterior trim finishers Aluminium Trace&nbsp;<br />\r\nLeather Merino with extended contents Black | Black&nbsp;<br />\r\nLeather Merino with extended contents Sakhir Orange | Black&nbsp;<br />\r\nLeather Merino with extended contents Silverstone | Black&nbsp;<br />\r\n&quot;</p>\r\n', 1, 0, 0),
(44, 26, 'Honda city', 2, 15, 62, 218, '1000000', '<p>The Honda City has been a popular model in the mid-sized sedan space and carries a snob value as it is an aspirational product for many. It was one of the very first sedans in the segment to offer an automatic option ever since the first-gen model.</p>\r\n', 1, 0, 0),
(45, 26, 'swift', 1, 6, 285, 286, '200000', '<p>All variants of the Maruti Swift are pretty much feature-laden and full of the expected technical specs.&nbsp;&nbsp;engine specification include an engine of 1248cc, which musters up a torque measuring to 190Nm@2000rpm and maximum power of 74bhp@4000rpm.&nbsp;&nbsp;coughs out an average or giving an overall mileage of around 14.2&nbsp;kmpl, with a fuel efficiency within a city of 0.0&nbsp;kmpl and on highways the mileage stands out as 28.4&nbsp;kmpl.&nbsp;&nbsp;comes in diesel &amp; petrol engine options.</p>\r\n', 1, 0, 0),
(46, 26, 'hyundai i20 1.4 Sportz', 1, 7, 36, 129, '500000', '<p>The Hyundai Elite i20 1.4 Sportz has a 1.4-litre diesel engine under the hood, mated to a 6-speed manual transmission. The diesel engine churns out maximum power of 90PS at 4000rpm, peak torque of 219.7Nm between 1500-2750rpm, and has a claimed fuel efficiency of 22.5kmpl. The Hyundai Elite i20 1.4 Sportz is priced at Rs 7.69 lakh (as of May 30, 2017, ex-showroom Delhi) and is Rs 1.2 lakh more expensive than the Sportz variant which has a 1.2-litre petrol engine and a 5-speed manual transmission.</p>\r\n', 1, 0, 0),
(47, 27, 'bmw 3 series 330 m sport', 2, 11, 51, 174, '37400000', '<p>To make it stand out,&nbsp;BMW has given the new variant the M Sport treatment seen on the 3 Series saloon. On the outside, the 330i GT M Sport gets distinctive touches like glossy-black kidney grille slats, 18-inch &lsquo;M&rsquo; star-spoke alloy wheels, &lsquo;M&rsquo; badging on the front side panels, aluminium garnishing on the side window frames and a &nbsp;glossy-chrome garnish on the tailpipe. Inside the cabin, there are sports seats, an &lsquo;M&rsquo; leather steering wheel, &lsquo;M&rsquo; door sills, &lsquo;M&rsquo; strip on the key and a heads-up display.</p>\r\n\r\n<p>Powering the new variant is the same 2.0-litre petrol engine that does duty in the 330i GT Luxury Line. It produces 252PS of power and 350Nm of torque, while power is transmitted to the rear wheels via an 8-speed automatic transmission. 0-100kmph sprint can be completed in just 6.1 seconds.</p>\r\n\r\n<p>The BMW 330i Gran Turismo M Sport has a cliamed mileage of 15.34kmpl.</p>\r\n', 1, 0, 0),
(48, 27, 'Audi TT', 3, 20, 71, 234, '5543000', '<p>The TT-RS features a 2.5-litre, five-cylinder turbocharged petrol motor that generates 400bhp and 480Nm of torque. The power is sent to all four wheels, courtesy Audi&#39;s Quattro technology. The RS can propel from 0-100 in just 3.7 seconds and has an electronically-limited top speed of 250km/h. It gets trademark RS goodies such as a sporty body kit, a rear wing and an RS Screen on the inside that displays torque and g-forces. The TT-RS will compete against the Porsche 718 Cayman that was recently unveiled at the Beijing Motor Show.&nbsp;</p>\r\n', 1, 0, 0),
(49, 27, 'Audi TT', 3, 20, 71, 234, '6543000', '<p>All variants of the Audi TT are pretty much feature-laden and full of the expected technical specs. Engine specification include an engine of 1984cc, which musters up a torque measuring to 370Nm@1600-4300rpm and maximum power of 226.6bhp@4500-6200rpm.&nbsp;coughs out an average or giving an overall mileage of around 7.2&nbsp;kmpl, with a fuel efficiency within a city of 0.0&nbsp;kmpl and on highways the mileage stands out as 14.33&nbsp;kmpl.&nbsp;&nbsp;comes in petrol engine options.</p>\r\n', 1, 0, 0),
(50, 27, 'jaguar F type', 5, 29, 87, 278, '21000000', '<p>Last year, British luxury sports car manufacturer Jaguar&nbsp;enlisted the services of The Fast and the Furious star Michelle Rodriguez for a performance showcase. The Hollywood actress managed to achieve an indicated top speed of 201 mph in a Jaguar F-Type SVR sports car, on a closed highway in Nevada. Jaguar F-type rivals the likes of Aston Martin V8 Vantage, and is almost 10 lakhs cheaper than its competitor. Also topping the Vantage sports car, the F-Type also manages to produce an extra 33 bhp of power from its 5.5-litre V8 petrol engine.</p>\r\n', 1, 0, 0),
(51, 27, 'Volkswagen Beetle 1.4 TSI', 1, 9, 45, 165, '2570000', '<p>To be honest, I am a fan of the old beetle, but when I looked upon the pictures of the all-new Beetle, my love for beetle underwent a downward tumble. Upon visiting the latest iteration at Auto Expo, my perceptions of the new bug were instantly washed away. People just flocked around Beetle and eagerly awaiting for their turn to be seated within the car. Like everyone else, I too got in the line, so that I could get some inside shots. While I silently waited in the backdrop, the quality of paint and finish of the car caught my eye. The shut lines of the curvy bodywork looked laser precise. Also, the tyres perfectly filled up the arches and were wrapped around its diamond cut wheels.&nbsp;</p>\r\n', 1, 0, 0);
INSERT INTO `tbl_car_detail` (`car_id`, `carmela_id`, `carname`, `type_id`, `company_id`, `model_id`, `submodel_id`, `price`, `description`, `status`, `del_status`, `offer_id`) VALUES
(52, 28, 'skoda rapid TDi', 2, 14, 60, 206, '736000', '<p>Skoda has launched the Edition 2018 of the Rapid as its new range-topping variant. It is available with both manual and automatic versions of the petrol and diesel Rapid. The Rapid Edition 2018 features only aesthetic additions, while mechanically it is similar to the existing variants. Check out more details.</p>\r\n\r\n<p>Skoda launched the Rapid facelift last year in November. With the facelift, the Rapid adorned Skoda&#39;s crystalline design language. It also received the then-new 110PS 1.5-litre diesel motor. Both the petrol and diesel engines on the Rapid get an optional automatic transmission. The Rapid takes on the likes</p>\r\n', 1, 0, 0),
(53, 28, 'mercedes Benz sLC class', 5, 27, 85, 274, '8099000', '<p>The roadster is the first AMG model to get the &lsquo;43&rsquo; label in its name and it uses a smaller engine than its predecessor. While the SLK used a 5.5-litre V8 engine, the SLC43 tones things down and employs a 3.0-litre, twin-turbo V6 instead. The new engine produces 367PS of power and a peak torque of 520Nm. The output is channelled through a 9-speed automatic gearbox (with paddle-shifters) to the rear wheels, and Mercedes-Benz claims the new roadster can pull off the 0-100kmph sprint in 4.7 seconds. The top speed is electronically limited to 250kmph. The AMG SLC43 will be a direct import. Rivals include Audi TT and BMW Z4.&nbsp;</p>\r\n', 1, 0, 0),
(54, 28, 'ford endeavour 3.2L AWD titanium', 4, 24, 79, 256, '2536000', '<p>Ford discontinued the manual variants of the Endeavour back in June 2017. With this revision, only three variants remain on sale - the 2.2 4X2 Trend AT, the 2.2 4X2 Titanium AT and the top-of-the-line 3.2 4X4 Titanium AT.</p>\r\n\r\n<p>The 2.2-litre, 4-cylinder, turbocharged diesel engine generates 160PS of power and 385Nm of torque while the bigger 3.2-litre, 5-cylinder, turbocharged unit develops 200PS of power and 470Nm of torque. Both engines are paired to a 6-speed automatic transmission. 4WD with torque-on-demand and drive modes for various kinds of terrain are available only on the top-spec 3.2-litre variant.</p>\r\n\r\n<p>Ford India has now introduced an electric panoramic sunroof on the 2.2L 4X2 Titanium AT variant. Earlier, the 3.2-litre 4X4 Titanium AT was the sole variant in the whole lineup to feature the lifestyle-oriented feature.<br />\r\n&nbsp;</p>\r\n', 1, 0, 0),
(55, 28, 'volvo v40d3 kinetic', 1, 287, 290, 296, '500000', '<p>All variants of the Volvo V40 are pretty much feature-laden and full of the expected technical specs.&nbsp;&nbsp;engine specification include an engine of 1984cc, which musters up a torque measuring to 350Nm@1500-2750rpm and maximum power of 150bhp@3500rpm.&nbsp;&nbsp;coughs out an average or giving an overall mileage of around 8.4&nbsp;kmpl, with a fuel efficiency within a city of 0.0&nbsp;kmpl and on highways the mileage stands out as 16.8&nbsp;kmpl.&nbsp;&nbsp;comes in diesel engine options.</p>\r\n', 1, 0, 0),
(56, 28, 'Honda Brio', 1, 288, 291, 295, '436000', '<p>All variants of the Honda Brio are pretty much feature-laden and full of the expected technical specs. Engine specification include an engine of 1198cc, which musters up a torque measuring to 109Nm@4500rpm and maximum power of 86.8bhp@6000rpm.&nbsp;&nbsp;coughs out an average or giving an overall mileage of around 15.2&nbsp;kmpl, with a fuel efficiency within a city of 13.9&nbsp;kmpl and on highways the mileage stands out as 16.5&nbsp;kmpl.&nbsp;&nbsp;comes in petrol engine options.</p>\r\n', 1, 0, 0),
(57, 20, 'fiat punto pure', 1, 289, 292, 293, '413000', '<p>All variants of the Fiat Punto EVO are pretty much feature-laden and full of the expected technical specs.&nbsp;&nbsp;engine specification include an engine of 1248cc, which musters up a torque measuring to 209Nm@2000rpm and maximum power of 91.7bhp@4000rpm.&nbsp;&nbsp;coughs out an average or giving an overall mileage of around 10.2&nbsp;kmpl, with a fuel efficiency within a city of 0.0&nbsp;kmpl and on highways the mileage stands out as 20.5&nbsp;kmpl.</p>\r\n\r\n<p>Earlier in January, Fiat slashed prices of its Punto range. While prices ranged between Rs 5.86-7.92 lakh at the end of 2016, current prices stand at Rs 5.45-7.55 lakh (both prices ex-showroom Delhi). Currently, the Punto Evo is available with a 1.2-litre petrol mill (68PS/96Nm), along with a 1.3-litre diesel (93PS/209Nm).</p>\r\n', 1, 0, 0),
(58, 20, 'Honda Brio', 1, 288, 291, 295, '435000', '<p>All variants of the Honda Brio are pretty much feature-laden and full of the expected technical specs. Engine specification include an engine of 1198cc, which musters up a torque measuring to 109Nm@4500rpm and maximum power of 86.8bhp@6000rpm.&nbsp;&nbsp;coughs out an average or giving an overall mileage of around 15.2&nbsp;kmpl, with a fuel efficiency within a city of 13.9&nbsp;kmpl and on highways the mileage stands out as 16.5&nbsp;kmpl.&nbsp;&nbsp;comes in petrol engine options.</p>\r\n', 1, 0, 0),
(59, 23, 'Lamborghini LP 610 4 Avio', 3, 16, 65, 228, '42500000', '<p>Sport Car , Wonderful Amazing...</p>\r\n', 1, 0, 0),
(60, 18, 'Honda Brio', 1, 288, 291, 295, '480000', '<p><strong>&nbsp;</strong>On the features front, the Brio gets basic features only such as electric power steering, manual AC, keyless entry, all four power windows, height-adjustable driver seat, electrically foldable and adjustable ORVMs, day/night IRVM, tilt-adjustable steering and a 2-DIN music system with Bluetooth, FM, MP3, AUX, USB and steering-mounted audio controls.</p>\r\n', 1, 0, 0),
(62, 18, 'Honda Brio', 1, 288, 291, 295, '478000', '<p>electrically foldable and adjustable ORVMs, day/night IRVM, tilt-adjustable steering and a 2-DIN music system with Bluetooth, FM, MP3, AUX, USB and steering-mounted audio controls.<strong>&nbsp;</strong>On the features front, the Brio gets basic features only such as electric power steering, manual AC, keyless entry, all four power windows, height-adjustable driver seat,</p>\r\n', 1, 0, 0),
(63, 17, 'swift lXi', 1, 6, 285, 286, '398000', '<p>The Suzuki Swift is the type of city car by suzuki, also called the family hatchback car- swift. This car is also classified as a mini MPV, but most are classified with 2 rows of passenger seats with the concept of sedan but have a trunk with a cabin for passenger. Baggage doors opens backward up to the top. Some of the old hatchback cars are like latest wonders such as model starlet or honda civic hatchback, Toyota yaris and honda jazz. The Suzuki Swift is a supermini produced by suzuki to put&nbsp;</p>\r\n', 1, 0, 0),
(64, 17, 'swift vdi', 1, 6, 285, 286, '355000', '<p>This car is also classified as a mini MPV, but most are classified with 2 rows of passenger seats with the concept of sedan but have a trunk with a cabin for passenger. Baggage doors opens backward up to the top. Some of the old hatchback cars are like latest wonders such as model starlet or honda civic hatchback, Toyota yaris and honda jazz. The Suzuki Swift is a supermini produced by suzuki to put&nbsp;The Suzuki Swift is the type of city car by suzuki, also called the family hatchback car- swift.</p>\r\n', 1, 0, 0),
(66, 16, 'hyundai i20 1.2 asta Petrol', 1, 7, 36, 127, '435000', '<p>Hyundai launched the 2018 Elite i20 at a starting price of Rs 5.35 lakh (ex-showroom Delhi) at the. The updated hatchback comes with redesigned front and rear profiles along with additional features. Check out what&#39;s new in the refreshed model</p>\r\n\r\n<p>The 2018 Elite i20 is available with two engine and transmission options - a 1.2-litre petrol engine that produces 83PS/115Nm mated to a 5-speed manual and a 1.4-litre U2 CRDi Diesel engine that is mated to a 6-speed manual and puts out 90PS/220Nm. Hyundai has discontinued the 1.4-litre petrol which was only available with a 4-speed automatic. However, the company announced that it will introduce a CVT auto option with the 1.2-litre petrol motor in May 2018.&nbsp;<strong>2018 Elite i20 Buyer&#39;s Guide:</strong>&nbsp;<strong><a href=\"https://www.cardekho.com/india-car-news/2018-hyundai-elite-i20-variants-which-one-to-buy-magna-sportz-asta-more-21466.htm\" target=\"_blank\">Variants Explained</a></strong></p>\r\n\r\n<p>On the features front, the new Elite i20 gets a 7-inch touchscreen infotainment system with Apple CarPlay, Android Auto and MirrorLink compatibility, rear parking camera (display on infotainment screen) with sensors, &nbsp;automatic climate control with rear AC vents, cooled glove box, electrically foldable and adjustable ORVMs with welcome function and automatic projector headlamps with LED DRLs and positioning lamps, among others.</p>\r\n\r\n<p>In terms of safety, the new Elite i20 gets dual front airbags and ABS as standard across the range. The top-spec Asta(O) variant gets four airbags and ISOFIX &nbsp;hold seat anchors in addition to the standard equipment.</p>\r\n\r\n<p><br />\r\n&nbsp;</p>\r\n\r\n<p>&nbsp;</p>\r\n', 1, 0, 0),
(67, 16, 'Hyundai Grand Era', 1, 7, 37, 134, '374000', '<p>The list of features offered on the Grand i10 includes a 7-inch touchscreen infotainment system with Apple CarPlay and Android Auto, automatic climate control with rear AC vents, electrically foldable and adjustable ORVMs, push-button start, rear parking camera with sensors, and tilt and telescopic steering. Hyundai is also offering a dual-tone exterior paint scheme on just the Sportz variant of the Grand i10. &nbsp;</p>\r\n\r\n<p>For safety, the Grand i10 gets engine immobiliser and driver side airbag as standard across the range. Higher variants get passenger side airbag and ABS as well.&nbsp;</p>\r\n', 1, 0, 0),
(68, 15, 'Audi Q5 TDI premium plus', 4, 21, 73, 236, '3859000', '<p>Audi Q3 has stormed the Suv market in India since its launch. I bought the car and I am quite satisfied with its performance. The entry level Suv Q3 is decent in terms of comfort and looks and as far as Maintenance cost is concerned. I was very impressed with its looks and upmarket interiors with facilities of touchscreen infotainment and also it&#39;s safety Features .</p>\r\n', 1, 0, 0),
(69, 15, 'Audi Q3 Tfsi premium AT FWD', 4, 21, 75, 242, '3065000', '<p>Audi Q3 has stormed the Suv market in India since its launch. I bought the car and I am quite satisfied with its performance. The entry level Suv Q3 is decent in terms of comfort and looks and as far as Maintenance cost is concerned. I was very impressed with its looks and upmarket interiors with facilities of touchscreen infotainment and also it&#39;s safety Features .</p>\r\n', 1, 0, 0),
(70, 14, 'skoda superb  style 1.8 TSI MT', 2, 14, 61, 213, '2034000', '<p>Very nice and comfortable car. From safety point of view, it is very good. I really love and like it. Good looking and highly featured car. I&nbsp;strongly advice it for sedan class lover. ..</p>\r\n', 1, 0, 0),
(71, 14, 'honda city s MT', 2, 15, 62, 216, '799000', '<p>The current generation Honda City, with an exclusive 1.5-litre diesel engine along with the long-standing and famous 1.5-litre petrol, is the bestselling model in the nameplate&rsquo;s history in India&nbsp;</p>\r\n', 1, 0, 0);

-- --------------------------------------------------------

--
-- Table structure for table `tbl_car_image`
--

CREATE TABLE `tbl_car_image` (
  `image_id` int(5) NOT NULL,
  `car_id` int(5) NOT NULL,
  `path` varchar(200) NOT NULL,
  `image_type` varchar(200) NOT NULL
) ENGINE=InnoDB DEFAULT CHARSET=latin1;

--
-- Dumping data for table `tbl_car_image`
--

INSERT INTO `tbl_car_image` (`image_id`, `car_id`, `path`, `image_type`) VALUES
(1, 1, 'carmela/images/carimage/car_1_0_0.jpeg', 'front'),
(2, 1, 'carmela/images/carimage/car_1_1_0.jpeg', 'rear'),
(3, 1, 'carmela/images/carimage/car_1_2_0.jpeg', 'interior'),
(5, 2, 'carmela/images/carimage/car_2_4_0.jpg', 'rear'),
(6, 2, 'carmela/images/carimage/car_2_5_0.jpg', 'interior'),
(7, 2, 'carmela/images/carimage/car_2_6_0.jpg', 'front'),
(8, 3, 'carmela/images/carimage/car_3_7_0.jpg', 'front'),
(9, 3, 'carmela/images/carimage/car_3_8_0.jpg', 'rear'),
(10, 3, 'carmela/images/carimage/car_3_9_0.jpg', 'interior'),
(11, 4, 'carmela/images/carimage/car_4_10_0.jpg', 'front'),
(12, 4, 'carmela/images/carimage/car_4_11_0.JPG', 'rear'),
(13, 4, 'carmela/images/carimage/car_4_12_0.jpg', 'interior'),
(14, 5, 'carmela/images/carimage/car_5_13_0.jpg', 'front'),
(15, 5, 'carmela/images/carimage/car_5_14_0.jpg', 'rear'),
(16, 5, 'carmela/images/carimage/car_5_15_0.jpg', 'interior'),
(17, 6, 'carmela/images/carimage/car_6_16_0.jpg', 'front'),
(18, 6, 'carmela/images/carimage/car_6_17_0.jpg', 'rear'),
(19, 6, 'carmela/images/carimage/car_6_18_0.jpg', 'interior'),
(20, 7, 'carmela/images/carimage/car_7_19_0.jpg', 'front'),
(21, 7, 'carmela/images/carimage/car_7_20_0.jpg', 'rear'),
(22, 7, 'carmela/images/carimage/car_7_21_0.jpg', 'interior'),
(23, 8, 'carmela/images/carimage/car_8_22_0.jpeg', 'front'),
(24, 8, 'carmela/images/carimage/car_8_23_0.jpeg', 'rear'),
(25, 8, 'carmela/images/carimage/car_8_24_0.jpg', 'interior'),
(26, 9, 'carmela/images/carimage/car_9_25_0.jpg', 'front'),
(27, 9, 'carmela/images/carimage/car_9_26_0.jpg', 'rear'),
(28, 9, 'carmela/images/carimage/car_9_27_0.jpg', 'interior'),
(29, 10, 'carmela/images/carimage/car_10_28_0.jpg', 'front'),
(30, 10, 'carmela/images/carimage/car_10_29_0.jpg', 'rear'),
(31, 10, 'carmela/images/carimage/car_10_30_0.jpeg', 'interior'),
(35, 12, 'carmela/images/carimage/car_12_31_0.jpg', 'front'),
(36, 12, 'carmela/images/carimage/car_12_35_0.jpg', 'rear'),
(37, 12, 'carmela/images/carimage/car_12_36_0.jpg', 'interior'),
(38, 13, 'carmela/images/carimage/car_13_37_0.jpeg', 'front'),
(39, 13, 'carmela/images/carimage/car_13_38_0.jpeg', 'rear'),
(40, 13, 'carmela/images/carimage/car_13_39_0.jpeg', 'interior'),
(41, 14, 'carmela/images/carimage/car_14_40_0.jpg', 'front'),
(42, 14, 'carmela/images/carimage/car_14_41_0.jpg', 'rear'),
(43, 14, 'carmela/images/carimage/car_14_42_0.jpg', 'interior'),
(44, 15, 'carmela/images/carimage/car_15_43_0.jpg', 'front'),
(45, 15, 'carmela/images/carimage/car_15_44_0.jpg', 'rear'),
(46, 15, 'carmela/images/carimage/car_15_45_0.jpeg', 'interior'),
(47, 16, 'carmela/images/carimage/car_16_46_0.jpeg', 'front'),
(48, 16, 'carmela/images/carimage/car_16_47_0.jpeg', 'rear'),
(49, 16, 'carmela/images/carimage/car_16_48_0.jpeg', 'interior'),
(50, 17, 'carmela/images/carimage/car_17_49_0.jpeg', 'front'),
(51, 17, 'carmela/images/carimage/car_17_50_0.jpeg', 'rear'),
(52, 17, 'carmela/images/carimage/car_17_51_0.jpeg', 'interior'),
(53, 18, 'carmela/images/carimage/car_18_52_0.JPG', 'front'),
(54, 18, 'carmela/images/carimage/car_18_53_0.JPG', 'rear'),
(55, 18, 'carmela/images/carimage/car_18_54_0.jpg', 'interior'),
(56, 19, 'carmela/images/carimage/car_19_55_0.jpg', 'front'),
(57, 19, 'carmela/images/carimage/car_19_56_0.jpg', 'rear'),
(58, 19, 'carmela/images/carimage/car_19_57_0.jpg', 'interior'),
(59, 20, 'carmela/images/carimage/car_20_58_0.jpg', 'front'),
(60, 20, 'carmela/images/carimage/car_20_59_0.jpg', 'rear'),
(61, 20, 'carmela/images/carimage/car_20_60_0.jpg', 'interior'),
(62, 21, 'carmela/images/carimage/car_21_61_0.jpeg', 'front'),
(63, 21, 'carmela/images/carimage/car_21_62_0.jpeg', 'rear'),
(64, 21, 'carmela/images/carimage/car_21_63_0.jpg', 'interior'),
(65, 22, 'carmela/images/carimage/car_22_64_0.JPG', 'front'),
(66, 22, 'carmela/images/carimage/car_22_65_0.jpeg', 'rear'),
(67, 22, 'carmela/images/carimage/car_22_66_0.jpg', 'interior'),
(68, 23, 'carmela/images/carimage/car_23_67_0.jpg', 'front'),
(69, 23, 'carmela/images/carimage/car_23_68_0.jpg', 'rear'),
(70, 23, 'carmela/images/carimage/car_23_69_0.jpg', 'interior'),
(71, 24, 'carmela/images/carimage/car_24_70_0.jpeg', 'front'),
(72, 24, 'carmela/images/carimage/car_24_71_0.jpeg', 'rear'),
(73, 24, 'carmela/images/carimage/car_24_72_0.jpeg', 'interior'),
(74, 25, 'carmela/images/carimage/car_25_73_0.jpeg', 'front'),
(75, 25, 'carmela/images/carimage/car_25_74_0.jpeg', 'rear'),
(76, 25, 'carmela/images/carimage/car_25_75_0.jpg', 'interior'),
(77, 26, 'carmela/images/carimage/car_26_76_0.jpeg', 'front'),
(78, 26, 'carmela/images/carimage/car_26_77_0.jpeg', 'rear'),
(79, 26, 'carmela/images/carimage/car_26_78_0.jpeg', 'interior'),
(80, 27, 'carmela/images/carimage/car_27_79_0.jpeg', 'front'),
(81, 27, 'carmela/images/carimage/car_27_80_0.jpeg', 'rear'),
(82, 27, 'carmela/images/carimage/car_27_81_0.jpeg', 'interior'),
(83, 28, 'carmela/images/carimage/car_28_82_0.jpg', 'front'),
(84, 28, 'carmela/images/carimage/car_28_83_0.jpg', 'rear'),
(85, 28, 'carmela/images/carimage/car_28_84_0.jpg', 'interior'),
(86, 29, 'carmela/images/carimage/car_29_85_0.jpeg', 'front'),
(87, 29, 'carmela/images/carimage/car_29_86_0.jpeg', 'rear'),
(88, 29, 'carmela/images/carimage/car_29_87_0.jpeg', 'rear'),
(89, 29, 'carmela/images/carimage/car_29_88_0.jpeg', 'interior'),
(90, 30, 'carmela/images/carimage/car_30_89_0.jpeg', 'front'),
(91, 30, 'carmela/images/carimage/car_30_90_0.jpg', 'rear'),
(92, 30, 'carmela/images/carimage/car_30_91_0.jpg', 'interior'),
(93, 31, 'carmela/images/carimage/car_31_92_0.jpg', 'front'),
(94, 31, 'carmela/images/carimage/car_31_93_0.jpg', 'rear'),
(95, 31, 'carmela/images/carimage/car_31_94_0.jpg', 'interior'),
(96, 32, 'carmela/images/carimage/car_32_95_0.jpg', 'front'),
(97, 32, 'carmela/images/carimage/car_32_96_0.jpg', 'rear'),
(98, 32, 'carmela/images/carimage/car_32_97_0.jpg', 'interior'),
(99, 33, 'carmela/images/carimage/car_33_98_0.jpeg', 'front'),
(100, 33, 'carmela/images/carimage/car_33_99_0.jpeg', 'rear'),
(101, 33, 'carmela/images/carimage/car_33_100_0.jpeg', 'interior'),
(102, 34, 'carmela/images/carimage/car_34_101_0.jpg', 'front'),
(103, 34, 'carmela/images/carimage/car_34_102_0.jpg', 'rear'),
(104, 34, 'carmela/images/carimage/car_34_103_0.jpg', 'interior'),
(105, 35, 'carmela/images/carimage/car_35_104_0.jpg', 'front'),
(106, 35, 'carmela/images/carimage/car_35_105_0.jpg', 'rear'),
(107, 35, 'carmela/images/carimage/car_35_106_0.jpg', 'interior'),
(108, 36, 'carmela/images/carimage/car_36_107_0.jpg', 'front'),
(109, 36, 'carmela/images/carimage/car_36_108_0.jpg', 'rear'),
(110, 36, 'carmela/images/carimage/car_36_109_0.JPG', 'interior'),
(111, 37, 'carmela/images/carimage/car_37_110_0.jpg', 'front'),
(112, 37, 'carmela/images/carimage/car_37_111_0.jpg', 'rear'),
(113, 37, 'carmela/images/carimage/car_37_112_0.jpg', 'interior'),
(114, 38, 'carmela/images/carimage/car_38_113_0.jpg', 'front'),
(115, 38, 'carmela/images/carimage/car_38_114_0.jpg', 'rear'),
(116, 38, 'carmela/images/carimage/car_38_115_0.jpg', 'interior'),
(117, 39, 'carmela/images/carimage/car_39_116_0.jpeg', 'front'),
(118, 39, 'carmela/images/carimage/car_39_117_0.jpg', 'rear'),
(119, 39, 'carmela/images/carimage/car_39_118_0.jpg', 'interior'),
(120, 40, 'carmela/images/carimage/car_40_119_0.jpeg', 'front'),
(121, 40, 'carmela/images/carimage/car_40_120_0.jpeg', 'rear'),
(122, 40, 'carmela/images/carimage/car_40_121_0.jpeg', 'interior'),
(123, 41, 'carmela/images/carimage/car_41_122_0.jpg', 'front'),
(124, 41, 'carmela/images/carimage/car_41_123_0.jpg', 'rear'),
(125, 41, 'carmela/images/carimage/car_41_124_0.jpeg', 'interior'),
(126, 42, 'carmela/images/carimage/car_42_125_0.jpg', 'front'),
(127, 42, 'carmela/images/carimage/car_42_126_0.jpg', 'rear'),
(128, 42, 'carmela/images/carimage/car_42_127_0.jpg', 'interior'),
(129, 43, 'carmela/images/carimage/car_43_128_0.jpg', 'front'),
(130, 43, 'carmela/images/carimage/car_43_129_0.jpg', 'rear'),
(131, 43, 'carmela/images/carimage/car_43_130_0.jpg', 'interior'),
(132, 44, 'carmela/images/carimage/car_44_131_0.JPG', 'front'),
(133, 44, 'carmela/images/carimage/car_44_132_0.JPG', 'rear'),
(134, 44, 'carmela/images/carimage/car_44_133_0.JPG', 'interior'),
(135, 45, 'carmela/images/carimage/car_45_134_0.jpg', 'front'),
(136, 45, 'carmela/images/carimage/car_45_135_0.jpg', 'rear'),
(137, 45, 'carmela/images/carimage/car_45_136_0.jpg', 'interior'),
(138, 46, 'carmela/images/carimage/car_46_137_0.jpg', 'front'),
(139, 46, 'carmela/images/carimage/car_46_138_0.jpg', 'rear'),
(140, 46, 'carmela/images/carimage/car_46_139_0.jpg', 'interior'),
(141, 47, 'carmela/images/carimage/car_47_140_0.jpeg', 'front'),
(142, 47, 'carmela/images/carimage/car_47_141_0.jpeg', 'rear'),
(143, 47, 'carmela/images/carimage/car_47_142_0.jpeg', 'interior'),
(144, 48, 'carmela/images/carimage/car_48_143_0.jpeg', 'front'),
(145, 48, 'carmela/images/carimage/car_48_144_0.jpeg', 'rear'),
(146, 48, 'carmela/images/carimage/car_48_145_0.jpeg', 'interior'),
(147, 49, 'carmela/images/carimage/car_49_146_0.jpg', 'front'),
(148, 49, 'carmela/images/carimage/car_49_147_0.jpg', 'rear'),
(149, 49, 'carmela/images/carimage/car_49_148_0.jpg', 'interior'),
(150, 50, 'carmela/images/carimage/car_50_149_0.jpg', 'front'),
(151, 50, 'carmela/images/carimage/car_50_150_0.jpg', 'rear'),
(152, 50, 'carmela/images/carimage/car_50_151_0.jpg', 'interior'),
(153, 51, 'carmela/images/carimage/car_51_152_0.jpg', 'front'),
(154, 51, 'carmela/images/carimage/car_51_153_0.jpg', 'rear'),
(155, 51, 'carmela/images/carimage/car_51_154_0.jpg', 'interior'),
(156, 52, 'carmela/images/carimage/car_52_155_0.jpg', 'front'),
(157, 52, 'carmela/images/carimage/car_52_156_0.jpg', 'rear'),
(158, 52, 'carmela/images/carimage/car_52_157_0.jpg', 'interior'),
(159, 53, 'carmela/images/carimage/car_53_158_0.jpg', 'front'),
(160, 53, 'carmela/images/carimage/car_53_159_0.jpg', 'rear'),
(161, 53, 'carmela/images/carimage/car_53_160_0.jpg', 'interior'),
(162, 54, 'carmela/images/carimage/car_54_161_0.jpg', 'front'),
(163, 54, 'carmela/images/carimage/car_54_162_0.jpg', 'rear'),
(164, 54, 'carmela/images/carimage/car_54_163_0.jpg', 'interior'),
(165, 55, 'carmela/images/carimage/car_55_164_0.jpg', 'front'),
(166, 55, 'carmela/images/carimage/car_55_165_0.jpg', 'rear'),
(167, 55, 'carmela/images/carimage/car_55_166_0.jpeg', 'interior'),
(168, 56, 'carmela/images/carimage/car_56_167_0.jpg', 'front'),
(169, 56, 'carmela/images/carimage/car_56_168_0.jpg', 'rear'),
(170, 56, 'carmela/images/carimage/car_56_169_0.jpg', 'interior'),
(171, 57, 'carmela/images/carimage/car_57_170_0.jpg', 'front'),
(172, 57, 'carmela/images/carimage/car_57_171_0.jpg', 'rear'),
(173, 57, 'carmela/images/carimage/car_57_172_0.jpg', 'interior'),
(174, 58, 'carmela/images/carimage/car_58_173_0.jpg', 'front'),
(175, 58, 'carmela/images/carimage/car_58_174_0.jpeg', 'rear'),
(176, 58, 'carmela/images/carimage/car_58_175_0.jpg', 'interior'),
(177, 59, 'carmela/images/carimage/car_59_176_0.jpg', 'front'),
(178, 59, 'carmela/images/carimage/car_59_177_0.jpg', 'rear'),
(179, 60, 'carmela/images/carimage/car_60_178_01.jpg', 'front'),
(180, 60, 'carmela/images/carimage/car_60_179_0.jpg', 'rear'),
(181, 60, 'carmela/images/carimage/car_60_180_0.jpg', 'interior'),
(182, 62, 'carmela/images/carimage/car_62_181_0.jpg', 'front'),
(183, 62, 'carmela/images/carimage/car_62_182_0.jpeg', 'rear'),
(184, 62, 'carmela/images/carimage/car_62_183_0.jpg', 'interior'),
(185, 63, 'carmela/images/carimage/car_63_184_0.jpg', 'front'),
(186, 63, 'carmela/images/carimage/car_63_185_0.jpg', 'rear'),
(187, 63, 'carmela/images/carimage/car_63_186_0.jpg', 'interior'),
(188, 64, 'carmela/images/carimage/car_64_187_0.jpeg', 'front'),
(189, 64, 'carmela/images/carimage/car_64_188_0.jpg', 'rear'),
(190, 64, 'carmela/images/carimage/car_64_189_0.jpg', 'interior'),
(191, 66, 'carmela/images/carimage/car_66_190_0.jpg', 'front'),
(192, 66, 'carmela/images/carimage/car_66_191_0.jpg', 'rear'),
(193, 66, 'carmela/images/carimage/car_66_192_0.jpg', 'interior'),
(194, 67, 'carmela/images/carimage/car_67_193_0.jpeg', 'front'),
(195, 67, 'carmela/images/carimage/car_67_194_0.jpeg', 'rear'),
(196, 67, 'carmela/images/carimage/car_67_195_0.jpeg', 'interior'),
(197, 68, 'carmela/images/carimage/car_68_196_0.jpg', 'front'),
(198, 68, 'carmela/images/carimage/car_68_197_0.JPG', 'rear'),
(199, 68, 'carmela/images/carimage/car_68_198_0.jpg', 'interior'),
(200, 69, 'carmela/images/carimage/car_69_199_0.jpg', 'front'),
(201, 69, 'carmela/images/carimage/car_69_200_0.jpg', 'rear'),
(202, 69, 'carmela/images/carimage/car_69_201_0.jpeg', 'interior'),
(203, 70, 'carmela/images/carimage/car_70_202_0.jpg', 'front'),
(204, 70, 'carmela/images/carimage/car_70_203_0.jpg', 'rear'),
(205, 70, 'carmela/images/carimage/car_70_204_0.jpg', 'interior'),
(206, 71, 'carmela/images/carimage/car_71_205_0.jpg', 'front'),
(207, 71, 'carmela/images/carimage/car_71_206_0.jpg', 'rear'),
(208, 71, 'carmela/images/carimage/car_71_207_0.jpg', 'interior');

-- --------------------------------------------------------

--
-- Table structure for table `tbl_car_review`
--

CREATE TABLE `tbl_car_review` (
  `review_id` int(5) NOT NULL,
  `car_id` int(5) NOT NULL,
  `registration_id` int(5) NOT NULL,
  `review` varchar(2000) NOT NULL,
  `date` date NOT NULL,
  `status` int(5) NOT NULL,
  `del_status` int(5) NOT NULL
) ENGINE=InnoDB DEFAULT CHARSET=latin1;

--
-- Dumping data for table `tbl_car_review`
--

INSERT INTO `tbl_car_review` (`review_id`, `car_id`, `registration_id`, `review`, `date`, `status`, `del_status`) VALUES
(1, 58, 3, 'All variants of the Honda Brio are pretty much feature-laden and full of the expected technical specs. Engine specification include an engine of 1198cc.', '2018-04-11', 1, 0),
(2, 59, 3, 'Sport Car , Wonderful Amazing...', '2018-04-11', 1, 0),
(3, 59, 1, 'I rarely swoon over the way a car is or drive but the new Aventador S is genuinely that good a car. The old one was great but it did have its issues and now with the new one Lamborghini has really...', '2018-04-17', 1, 0),
(4, 58, 1, 'After five years in the country, what the Brio really needed was a brand new design, top-of-the-line tech and a diesel engine. Honda sadly has done none of that. The Brio continues to be a relatively cute and likable car, but on the flip side, as of today, there are cars that offer a lot more for less money.', '2018-04-17', 1, 0),
(5, 57, 1, 'It is not officially announced for India, but Siddharth reckons the Rio is the right fit to go into the brands initial portfolio for us. Sharing a platform and powertrains with the \ncan..', '2018-04-17', 1, 0),
(6, 56, 1, 'It is not officially announced for India, but Siddharth reckons the Rio is the right fit to go into the brands initial portfolio for us. Sharing a platform and powertrains with the Honda brio can..', '2018-04-17', 1, 0),
(7, 55, 1, 'This looks pretty but no as much as other cars.. Interior is also good mileage is around 18 km/ l . Speed is Fast', '2018-04-17', 1, 0),
(8, 54, 1, 'This looks pretty but no as much as other cars.. Interior is also good mileage is around 18 km/ l . Speed is medium', '2018-04-17', 1, 0),
(9, 53, 1, 'This looks pretty but no as much as other cars.. Interior is also good mileage is around 18 km/ l . Speed is high', '2018-04-17', 1, 0),
(10, 52, 1, 'This looks pretty but no as much as other cars.. Interior is also good mileage is around 18 km/ l . Speed is medium', '2018-04-17', 1, 0),
(11, 51, 1, 'Look and Style i loved the car! its really very cute Mileage mileage is ok Best Features its sun-flower color and its shape are the best. Needs to improve some features, its does not need to improve at all.A very nice and cute car but it not worth that rate...i don\'t understand the difference between beetle and polo...Comfort, nice pickup, good mileage, best features. Needs to improve- Reduce its cost.Overall Experience very amazing but costly for Indian buyers', '2018-04-17', 1, 0),
(12, 50, 4, 'It is one of the most beautiful car, the roofline descends in stylish arc, sporty exterior styling makes this car looks appealing. Engine has plenty of power and good response, throttle response is excellent and has a great pickup and super fast speed. Cabin looks luxurious, seats are very comfortable..', '2018-04-17', 1, 0),
(13, 49, 4, 'It is one of the most beautiful car, the roofline descends in stylish arc, sporty exterior styling makes this car looks appealing. Engine has plenty of power and good response, throttle response is excellent and has a great pickup and super fast speed. Cabin looks luxurious, seats are very comfortable..', '2018-04-17', 1, 0),
(14, 48, 4, 'It is one of the most beautiful car, the roofline descends in stylish arc, sporty exterior styling makes this car looks appealing. Engine has plenty of power and good response, throttle response is excellent and has a great pickup and super fast speed. Cabin looks luxurious, seats are very comfortable..', '2018-04-17', 1, 0),
(15, 47, 4, 'It is one of the most beautiful car, the roofline descends in stylish arc, sporty exterior styling makes this car looks appealing. Engine has plenty of power and good response, throttle response is excellent and has a great pickup and super fast speed. Cabin looks luxurious, seats are very comfortable..', '2018-04-17', 1, 0),
(16, 46, 4, 'It is one of the most beautiful car, the roofline descends in stylish arc, sporty exterior styling makes this car looks appealing. Engine has plenty of power and good response, throttle response is excellent and has a great pickup and super fast speed. Cabin looks luxurious, seats are very comfortable..', '2018-04-17', 1, 0),
(17, 45, 4, 'It is one of the most beautiful car, the roofline descends in stylish arc, sporty exterior styling makes this car looks appealing. Engine has plenty of power and good response, throttle response is excellent and has a great pickup and super fast speed. Cabin looks luxurious, seats are very comfortable..', '2018-04-17', 1, 0),
(18, 44, 4, 'Best-in-class mileage\nSpacious cabin\nFun to drive on city roads as well as highways', '2018-04-17', 1, 0),
(19, 43, 4, 'Best-in-class mileage\nSpacious cabin\nFun to drive on city roads as well as highways', '2018-04-17', 1, 0),
(20, 42, 4, 'Best-in-class mileage\nSpacious cabin\nFun to drive on city roads as well as highways', '2018-04-17', 1, 0),
(21, 41, 4, 'Best-in-class mileage\nSpacious cabin\nFun to drive on city roads as well as highways', '2018-04-17', 1, 0),
(22, 40, 4, 'Best-in-class mileage\nSpacious cabin\nFun to drive on city roads as well as highways', '2018-04-17', 1, 0),
(23, 39, 4, 'Best-in-class mileage\nSpacious cabin\nFun to drive on city roads as well as highways', '2018-04-17', 1, 0),
(24, 43, 4, 'IT\'S  LOOKS. EVERYBODY PRAISE MY CHOICE, SINCE IT DOESN\'T...', '2018-04-18', 1, 0),
(25, 38, 4, 'IT\'S LOOKS. EVERYBODY PRAISE MY CHOICE, SINCE IT DOESN\'T...', '2018-04-18', 1, 0),
(26, 37, 4, 'IT\'S LOOKS. EVERYBODY PRAISE MY CHOICE, SINCE IT DOESN\'T...', '2018-04-18', 1, 0),
(27, 36, 4, 'IT\'S LOOKS. EVERYBODY PRAISE MY CHOICE, SINCE IT DOESN\'T...', '2018-04-18', 1, 0),
(28, 35, 4, 'IT\'S LOOKS. EVERYBODY PRAISE MY CHOICE, SINCE IT DOESN\'T...', '2018-04-18', 1, 0),
(29, 34, 4, 'All is good like handling, driving fun,and ground clearance and...\n', '2018-04-18', 1, 0),
(30, 33, 4, 'All is good like handling, driving fun,and ground clearance and...\n', '2018-04-18', 1, 0),
(31, 32, 4, 'All is good like handling, driving fun,and ground clearance and...\n', '2018-04-18', 1, 0),
(32, 31, 4, 'All is good like handling, driving fun,and ground clearance and...\n', '2018-04-18', 1, 0),
(33, 30, 4, ' Space, satisfactory pic-up , easy drive in city condition, mileage....\n', '2018-04-18', 1, 0),
(34, 29, 4, ' Space, satisfactory pic-up , easy drive in city condition, mileage....\n', '2018-04-18', 1, 0),
(35, 28, 4, ' Space, satisfactory pic-up , easy drive in city condition, mileage....\n', '2018-04-18', 1, 0),
(36, 27, 4, ' Space, satisfactory pic-up , easy drive in city condition, mileage....\n', '2018-04-18', 1, 0),
(37, 26, 4, ' Space, satisfactory pic-up , easy drive in city condition, mileage....\n', '2018-04-18', 1, 0),
(38, 25, 4, ' Space, satisfactory pic-up , easy drive in city condition, mileage....\n', '2018-04-18', 1, 0),
(39, 25, 4, ' Space, satisfactory pic-up , easy drive in city condition, mileage....\n', '2018-04-18', 1, 0),
(40, 24, 4, 'Mileage and Xport is really impressive as this vehicle...', '2018-04-18', 1, 0),
(41, 24, 4, 'Mileage and Xport is really impressive as this vehicle...', '2018-04-18', 1, 0),
(42, 30, 6, ' Nice cooling ac then redi go. Smooth driving...', '2018-04-18', 1, 0),
(43, 29, 6, ' Nice cooling ac then redi go. Smooth driving...', '2018-04-18', 1, 0),
(44, 28, 6, ' Nice cooling ac then redi go. Smooth driving...', '2018-04-18', 1, 0),
(45, 27, 6, ' Nice cooling ac then redi go. Smooth driving...', '2018-04-18', 1, 0),
(46, 26, 6, ' Nice cooling ac then redi go. Smooth driving...', '2018-04-18', 1, 0),
(47, 25, 6, ' Nice cooling ac then redi go. Smooth driving...', '2018-04-18', 1, 0),
(48, 25, 6, ' Nice cooling ac then redi go. Smooth driving...', '2018-04-18', 1, 0),
(49, 24, 6, ' Nice cooling ac then redi go. Smooth driving...', '2018-04-18', 1, 0),
(50, 24, 6, ' Nice cooling ac then redi go. Smooth driving...', '2018-04-18', 1, 0),
(51, 24, 6, ' Nice cooling ac then redi go. Smooth driving...', '2018-04-18', 1, 0),
(52, 24, 6, ' Nice cooling ac then redi go. Smooth driving...', '2018-04-18', 0, 0),
(53, 24, 6, ' Rear wheel drive, utilizing full power that\'s why perfect for...', '2018-04-18', 1, 0),
(54, 23, 6, ' Rear wheel drive, utilizing full power that\'s why perfect for...', '2018-04-18', 1, 0),
(55, 22, 6, ' Rear wheel drive, utilizing full power that\'s why perfect for...', '2018-04-18', 1, 0),
(56, 21, 6, ' Rear wheel drive, utilizing full power that\'s why perfect for...', '2018-04-18', 1, 0),
(57, 20, 6, 'Trouble free performance and ground clearance....\n', '2018-04-18', 1, 0),
(58, 19, 6, ' engine is good and ac nice condition...', '2018-04-18', 1, 0),
(59, 18, 6, ' I bought this car by seeing the mileage and the...\n', '2018-04-18', 1, 0),
(60, 18, 6, ' I bought this car by seeing the mileage and the...\n', '2018-04-18', 1, 0),
(61, 17, 6, ' styling, Ride & Handling, value for money...', '2018-04-18', 1, 0),
(62, 18, 6, ' Everything simply superb...', '2018-04-18', 1, 0),
(63, 17, 6, ' Everything simply superb...', '2018-04-18', 1, 0),
(64, 16, 6, 'Performance, space, looks, price....', '2018-04-18', 1, 0),
(65, 15, 7, 'Buy it: it is fun to drive, well-appointed and big on presence\nDont buy: It is too wide and has bad ground clearance', '2018-04-19', 1, 0),
(66, 14, 7, 'Buy it: it is fun to drive, well-appointed and big on presence\nDont buy: It is too wide and has bad ground clearance', '2018-04-19', 1, 0),
(67, 13, 7, 'Buy it: it is fun to drive, well-appointed and big on presence\nDont buy: It is too wide and has bad ground clearance', '2018-04-19', 1, 0),
(68, 12, 7, 'Buy it: it is fun to drive, well-appointed and big on presence\nDont buy: It is too wide and has bad ground clearance', '2018-04-19', 1, 0),
(69, 10, 7, 'Design & look is good...', '2018-04-19', 1, 0),
(70, 9, 7, 'Good Mileage Spacious legroom & boot Stability......', '2018-04-19', 1, 0),
(71, 8, 7, ' Spacious car.......', '2018-04-19', 1, 0),
(72, 7, 7, ' AC is really superb cooling withing 2 mins and controlling,......', '2018-04-19', 1, 0),
(73, 6, 7, 'Exterior & Ride Quality.......', '2018-04-19', 1, 0),
(74, 5, 7, ' Smooth Steering & Easy to drive.......', '2018-04-19', 1, 0),
(75, 4, 7, 'CAR DESIGN, STRONG BODY, SAFETY FEATURES, GOOD SPACE, PICK UP......', '2018-04-19', 1, 0),
(76, 3, 7, 'CAR DESIGN, STRONG BODY, SAFETY FEATURES, GOOD SPACE, PICK UP......', '2018-04-19', 1, 0),
(77, 2, 7, 'CAR DESIGN, STRONG BODY, SAFETY FEATURES, GOOD SPACE, PICK UP......', '2018-04-19', 1, 0),
(78, 1, 7, 'Looks Comfort Mileagae till......', '2018-04-19', 1, 0),
(79, 70, 1, 'this is best car...', '2018-04-21', 1, 0);

-- --------------------------------------------------------

--
-- Table structure for table `tbl_category`
--

CREATE TABLE `tbl_category` (
  `category_id` int(5) NOT NULL,
  `category_name` varchar(100) NOT NULL,
  `parent_id` int(5) NOT NULL,
  `label` varchar(100) NOT NULL,
  `image` varchar(100) NOT NULL
) ENGINE=InnoDB DEFAULT CHARSET=latin1;

--
-- Dumping data for table `tbl_category`
--

INSERT INTO `tbl_category` (`category_id`, `category_name`, `parent_id`, `label`, `image`) VALUES
(1, 'hatchback', 0, 'type', ''),
(2, 'sedan', 0, 'type', ''),
(3, 'coupe', 0, 'type', ''),
(4, 'sUV', 0, 'type', ''),
(5, 'convertible', 0, 'type', ''),
(6, 'suzuki', 1, 'company', ''),
(7, 'hyundai', 1, 'company', ''),
(8, 'tata', 1, 'company', ''),
(9, 'volkswagen', 1, 'company', ''),
(10, 'mahindra', 1, 'company', ''),
(11, 'BMW', 2, 'company', ''),
(12, 'mercedes', 2, 'company', ''),
(13, 'audi', 2, 'company', ''),
(14, 'skoda', 2, 'company', ''),
(15, 'honda', 2, 'company', ''),
(16, 'lamborghini', 3, 'company', ''),
(17, 'nissan', 3, 'company', ''),
(18, 'ford', 3, 'company', ''),
(19, 'Rolls Royce', 3, 'company', ''),
(20, 'audi', 3, 'company', ''),
(21, 'audi', 4, 'company', ''),
(22, 'lamborghini', 4, 'company', ''),
(23, 'volvo', 4, 'company', ''),
(24, 'ford', 4, 'company', ''),
(25, 'renault', 4, 'company', ''),
(26, 'audi', 5, 'company', ''),
(27, 'mercedes', 5, 'company', ''),
(28, 'Rolls Royce', 5, 'company', ''),
(29, 'jaguar', 5, 'company', ''),
(30, 'BMW', 5, 'company', ''),
(35, 'alto', 6, 'model', 'assets/images/vectorimage/cover_34.jpg'),
(36, 'i20', 7, 'model', 'assets/images/vectorimage/cover_35.jpg'),
(37, 'grand', 7, 'model', 'assets/images/vectorimage/cover_36.jpg'),
(38, 'EON', 7, 'model', 'assets/images/vectorimage/cover_37.jpg'),
(39, 'nexon', 8, 'model', 'assets/images/vectorimage/cover_38.jpg'),
(40, 'bolt', 8, 'model', 'assets/images/vectorimage/cover_39.jpeg'),
(41, 'tiago', 8, 'model', 'assets/images/vectorimage/cover_40.jpg'),
(42, 'nano', 8, 'model', 'assets/images/vectorimage/cover_41.png'),
(43, 'indica', 8, 'model', 'assets/images/vectorimage/cover_42.jpg'),
(44, 'polo GTI', 9, 'model', 'assets/images/vectorimage/cover_43.jpg'),
(45, 'beetle', 9, 'model', 'assets/images/vectorimage/cover_44.jpg'),
(46, 'e20plus', 10, 'model', ''),
(47, 'verito vibe', 10, 'model', ''),
(48, 'm3', 11, 'model', 'assets/images/vectorimage/cover_47.jpeg'),
(49, '6 series', 11, 'model', 'assets/images/vectorimage/cover_48.jpg'),
(50, '5 series', 11, 'model', 'assets/images/vectorimage/cover_49.jpg'),
(51, '3 series', 11, 'model', 'assets/images/vectorimage/cover_50.png'),
(52, 'm5', 11, 'model', 'assets/images/vectorimage/cover_51.png'),
(53, 'benz E-class', 12, 'model', 'assets/images/vectorimage/cover_52.png'),
(54, 'A series', 13, 'model', 'assets/images/vectorimage/cover_53.jpg'),
(57, 's5', 13, 'model', ''),
(59, 'octavia', 14, 'model', ''),
(60, 'rapid', 14, 'model', 'assets/images/vectorimage/cover_59.png'),
(61, 'superb', 14, 'model', 'assets/images/vectorimage/cover_60.jpg'),
(62, 'city', 15, 'model', 'assets/images/vectorimage/cover_61.png'),
(63, 'accord', 15, 'model', 'assets/images/vectorimage/cover_62.png'),
(64, 'amaze', 15, 'model', 'assets/images/vectorimage/cover_63.jpeg'),
(65, 'huracan', 16, 'model', 'assets/images/vectorimage/cover_64.png'),
(66, 'aventador', 16, 'model', 'assets/images/vectorimage/cover_65.png'),
(67, 'GT-R', 17, 'model', 'assets/images/vectorimage/cover_66.png'),
(68, 'mustang', 18, 'model', 'assets/images/vectorimage/cover_67.png'),
(70, 'wraith', 19, 'model', 'assets/images/vectorimage/cover_69.png'),
(71, 'TT', 20, 'model', 'assets/images/vectorimage/cover_70.png'),
(72, 'r8', 20, 'model', 'assets/images/vectorimage/cover_71.jpg'),
(73, 'q5', 21, 'model', 'assets/images/vectorimage/cover_72.jpg'),
(74, 'q7', 21, 'model', 'assets/images/vectorimage/cover_73.png'),
(75, 'q3', 21, 'model', 'assets/images/vectorimage/cover_74.png'),
(76, 'urus', 22, 'model', ''),
(77, 'xc', 23, 'model', 'assets/images/vectorimage/cover_76.png'),
(78, 'ecosport', 24, 'model', 'assets/images/vectorimage/cover_77.jpg'),
(79, 'endeavour', 24, 'model', ''),
(80, 'captur', 25, 'model', ''),
(81, 'duster', 25, 'model', 'assets/images/vectorimage/cover_80.jpg'),
(82, 'lodgy', 25, 'model', 'assets/images/vectorimage/cover_81.png'),
(84, 'a Series', 26, 'model', 'assets/images/vectorimage/cover_83.jpg'),
(85, 'benz class series', 27, 'model', ''),
(86, 'dawn', 28, 'model', ''),
(87, 'f type', 29, 'model', 'assets/images/vectorimage/cover_86.jpg'),
(88, 'z series', 30, 'model', 'assets/images/vectorimage/cover_87.jpg'),
(98, 'LXI', 31, 'submodel', ''),
(99, 'VXI', 31, 'submodel', ''),
(100, 'ZXI', 31, 'submodel', ''),
(101, 'LDI', 31, 'submodel', ''),
(102, 'VDI', 31, 'submodel', ''),
(103, 'ZDI', 31, 'submodel', ''),
(104, 'ZDI plus', 31, 'submodel', ''),
(105, 'tour H2', 32, 'submodel', ''),
(106, 'LXI', 32, 'submodel', ''),
(107, 'VXI AMT', 32, 'submodel', ''),
(108, 'green vXI', 32, 'submodel', ''),
(109, 'ZXI AMT', 32, 'submodel', ''),
(110, 'LDI', 33, 'submodel', ''),
(111, 'ZDI plus', 33, 'submodel', ''),
(112, 'ZDI plus AGS', 33, 'submodel', ''),
(113, 'VDI AGS', 33, 'submodel', ''),
(114, 'LXI', 33, 'submodel', ''),
(115, 'sigma petrol', 34, 'submodel', ''),
(116, 'delta petrol', 34, 'submodel', ''),
(117, 'zeta petrol', 34, 'submodel', ''),
(118, 'sigma diesel', 34, 'submodel', ''),
(119, 'delta diesel', 34, 'submodel', ''),
(120, 'zeta diesel', 34, 'submodel', ''),
(121, 'LX', 35, 'submodel', ''),
(122, 'LXI', 35, 'submodel', ''),
(123, 'LX CNG', 35, 'submodel', ''),
(124, 'LXI CNG', 35, 'submodel', ''),
(125, '1.2 era petrol', 36, 'submodel', ''),
(126, '1.2 sportz petrol', 36, 'submodel', ''),
(127, '1.2 asta petrol', 36, 'submodel', ''),
(128, '1.4 era diesel', 36, 'submodel', ''),
(129, '1.4 sportz diesel', 36, 'submodel', ''),
(130, '1.4 asta diesel', 36, 'submodel', ''),
(131, '1.2 era petrol', 37, 'submodel', ''),
(132, '1.2 magna petrol', 37, 'submodel', ''),
(133, '1.2 sportz petrol', 37, 'submodel', ''),
(134, '1.2 era diesel', 37, 'submodel', ''),
(135, '1.2 asta diesel', 37, 'submodel', ''),
(136, 'D-lite', 38, 'submodel', ''),
(137, 'D-lite plus', 38, 'submodel', ''),
(138, 'era plus', 38, 'submodel', ''),
(139, 'magna plus', 38, 'submodel', ''),
(140, 'sportz', 38, 'submodel', ''),
(141, 'revotron XE', 39, 'submodel', ''),
(142, 'revotron XM', 39, 'submodel', ''),
(143, 'revotron XZ plus', 39, 'submodel', ''),
(144, 'revotorq XE', 39, 'submodel', ''),
(145, 'revotorq XM', 39, 'submodel', ''),
(146, 'xE revotron 90PS petrol', 40, 'submodel', ''),
(147, 'xM revotron 90PS petrol', 40, 'submodel', ''),
(148, 'XTRevotron 90PS Petrol', 40, 'submodel', ''),
(149, 'XE quadrajet 75PS diesel', 40, 'submodel', ''),
(150, 'XM Quadrajet 75PS Diesel', 40, 'submodel', ''),
(151, 'revotron XE', 41, 'submodel', ''),
(152, 'revotron XM', 41, 'submodel', ''),
(153, 'Revotron XB', 41, 'submodel', ''),
(154, 'revotorq XE', 41, 'submodel', ''),
(155, 'revotorq XB', 41, 'submodel', ''),
(156, 'Revotorq XT', 41, 'submodel', ''),
(157, 'XE genX', 42, 'submodel', ''),
(158, 'XM GenX', 42, 'submodel', ''),
(159, 'XT GenX', 42, 'submodel', ''),
(160, 'XM CNG', 42, 'submodel', ''),
(161, 'XMA GenX', 42, 'submodel', ''),
(162, 'LS BS IV', 43, 'submodel', ''),
(163, 'LX BS IV', 43, 'submodel', ''),
(164, 'STD', 44, 'submodel', ''),
(165, '1.4 TSI', 45, 'submodel', ''),
(166, 'P4 ', 46, 'submodel', ''),
(167, 'P6', 46, 'submodel', ''),
(168, 'D2', 47, 'submodel', ''),
(169, 'D4', 47, 'submodel', ''),
(170, 'D6 ABS', 47, 'submodel', ''),
(171, 'GTS', 48, 'submodel', ''),
(172, 'gran turismo  STD', 49, 'submodel', ''),
(173, '530i sport line', 50, 'submodel', ''),
(174, '330i M sport edition', 51, 'submodel', ''),
(175, 'gran turismo', 51, 'submodel', ''),
(176, 'm5 sedan', 52, 'submodel', ''),
(177, 'Benz c-Class', 12, 'model', ''),
(178, 'Benz CLA', 12, 'model', ''),
(179, 'Benz S-Class', 12, 'model', ''),
(180, 'E-200', 53, 'submodel', ''),
(181, 'E 220 d', 53, 'submodel', ''),
(182, 'E 350 d ', 53, 'submodel', ''),
(183, 'c 200 avantgarde', 177, 'submodel', ''),
(184, 'c300 cabriolet', 177, 'submodel', ''),
(185, 'c 220 CDI STYLE', 177, 'submodel', ''),
(186, 'c 250d', 177, 'submodel', ''),
(187, 'edition c 220d diesel', 177, 'submodel', ''),
(188, 'CLA 200 sport', 178, 'submodel', ''),
(189, 'CLA 200 d STYLE', 178, 'submodel', ''),
(190, 'CLA 200  D sport', 178, 'submodel', ''),
(191, '350', 179, 'submodel', ''),
(192, 's350d connoisseur edition', 179, 'submodel', ''),
(193, '400', 179, 'submodel', ''),
(194, '500', 179, 'submodel', ''),
(195, 'A3', 54, 'submodel', ''),
(196, 'a5', 54, 'submodel', ''),
(197, 'a4', 54, 'submodel', ''),
(198, 'a8', 54, 'submodel', ''),
(199, 'a6', 54, 'submodel', ''),
(200, '3.0 TFSI quattro', 57, 'submodel', ''),
(201, 'RS', 59, 'submodel', ''),
(202, '1.4 ambition TSI MT', 59, 'submodel', ''),
(203, '2.0 ambition TDI CR MT', 59, 'submodel', ''),
(204, '2.0  style TDI CR MT', 59, 'submodel', ''),
(205, '2.0 style TDI CR AT', 59, 'submodel', ''),
(206, '1.5 TDI CR active', 60, 'submodel', ''),
(207, '1.5 TDI CR Acmbition', 60, 'submodel', ''),
(208, '1.5 TDI CR style', 60, 'submodel', ''),
(209, '1.6 MPI style petrol', 60, 'submodel', ''),
(210, '1.6 MPI active petrol', 60, 'submodel', ''),
(211, 'style 1.8 TSI MT', 61, 'submodel', ''),
(212, 'style 1.8 TSI AT', 61, 'submodel', ''),
(213, 'L&K 1.8 TSI AT', 61, 'submodel', ''),
(214, 'style 2.0 TDI AT', 61, 'submodel', ''),
(215, 'L&K 2.0 TDI AT', 61, 'submodel', ''),
(216, 'S MT petrol', 62, 'submodel', ''),
(217, 'SV MT petrol', 62, 'submodel', ''),
(218, 'SV MT diesel', 62, 'submodel', ''),
(219, 'V MT diesel', 62, 'submodel', ''),
(220, 'ZX MT diesel', 62, 'submodel', ''),
(221, 'hybrid', 63, 'submodel', ''),
(222, 'E MT petrol', 64, 'submodel', ''),
(223, 'S MT petrol', 64, 'submodel', ''),
(224, 'SX MT Petrol', 64, 'submodel', ''),
(225, 'E MT diesel', 64, 'submodel', ''),
(226, 'VX  MT diesel', 64, 'submodel', ''),
(227, 'LP 580 2', 65, 'submodel', ''),
(228, 'LP 610 4 avio', 65, 'submodel', ''),
(229, 'RWD spyder', 65, 'submodel', ''),
(230, 'LP 740-4 coupe', 66, 'submodel', ''),
(231, 'v6', 67, 'submodel', ''),
(232, 'GT fastback', 68, 'submodel', ''),
(233, 'coupe petrol', 70, 'submodel', ''),
(234, '40 TFSI quattro', 71, 'submodel', ''),
(235, 'v10 plus', 72, 'submodel', ''),
(236, '35 TDI premium plus', 73, 'submodel', ''),
(237, '35 TDI technology', 73, 'submodel', ''),
(238, '40 TFSI premium plus', 74, 'submodel', ''),
(239, '40 TFSI technology', 74, 'submodel', ''),
(240, '45 TDI quattro premium', 74, 'submodel', ''),
(241, '45 TDI quattro technology', 74, 'submodel', ''),
(242, '30 TFSI premium AT FWD', 75, 'submodel', ''),
(243, '30 TDI premium AT FWD', 75, 'submodel', ''),
(244, '35 TDI quattro premium plus', 75, 'submodel', ''),
(245, '35 TDI quattro technology', 75, 'submodel', ''),
(246, 'STD', 76, 'submodel', ''),
(247, 'r-design', 77, 'submodel', ''),
(248, 'D5 Momentum Diesel', 77, 'submodel', ''),
(249, 'inscription', 77, 'submodel', ''),
(250, '1.5 TDCi diesel ambiente', 78, 'submodel', ''),
(251, '1.5 TDCi diesel titanium plus', 78, 'submodel', ''),
(252, '1.5 TiVCT petrol ambiente', 78, 'submodel', ''),
(253, '1.5 TiVCT petrol titanium plus AT', 78, 'submodel', ''),
(254, '2.2L 4X2 AT Trend', 79, 'submodel', ''),
(255, '2.2L 4X2 AT Titanium', 79, 'submodel', ''),
(256, '3.2L AWD AT Titanium', 79, 'submodel', ''),
(257, 'RXE petrol', 80, 'submodel', ''),
(258, 'rXT mono petrol', 80, 'submodel', ''),
(259, 'RXT diesel', 80, 'submodel', ''),
(260, 'platine diesel ', 80, 'submodel', ''),
(261, 'RXL diesel', 80, 'submodel', ''),
(262, 'petrol RXE', 81, 'submodel', ''),
(263, 'petrol RxS CVT petrol', 81, 'submodel', ''),
(264, 'diesel 85PS STD', 81, 'submodel', ''),
(265, 'Diesel 110PS RXZ', 81, 'submodel', ''),
(266, 'Diesel 85PS RXS sandstrom edition', 81, 'submodel', ''),
(267, '85 PS STD 8 seater', 82, 'submodel', ''),
(268, '85 PS RxL world edition 8 seater', 82, 'submodel', ''),
(269, 'stepway RXZ 110PS 7 seater', 82, 'submodel', ''),
(270, '110 PS RxL world edition 8 seater', 82, 'submodel', ''),
(271, 'A3 35 TFSI', 84, 'submodel', ''),
(272, 'c-class', 85, 'submodel', ''),
(273, 'e-class', 85, 'submodel', ''),
(274, 'SLC', 85, 'submodel', ''),
(275, 'AMG GT', 85, 'submodel', ''),
(276, 'S-Class', 85, 'submodel', ''),
(277, 'STD', 86, 'submodel', ''),
(278, 'convertible R', 87, 'submodel', ''),
(279, 'Convertible SVR', 87, 'submodel', ''),
(280, 'Z4 SDrive 35i Prestige', 88, 'submodel', ''),
(281, 'z4 sDrive35i Design pure traction', 88, 'submodel', ''),
(282, 'MINI', 5, 'company', ''),
(283, 'Cooper', 282, 'model', ''),
(285, 'swift', 6, 'model', 'assets/images/vectorimage/vector_2841.jpg'),
(286, 'swift vdi', 285, 'submodel', ''),
(287, 'volvo', 1, 'company', ''),
(288, 'honda', 1, 'company', ''),
(289, 'fiat', 1, 'company', ''),
(290, 'v40', 287, 'model', 'assets/images/vectorimage/vector_289.png'),
(291, 'brio', 288, 'model', 'assets/images/vectorimage/vector_290.jpg'),
(292, 'punto', 289, 'model', 'assets/images/vectorimage/vector_291.jpg'),
(293, 'punto pure', 292, 'submodel', ''),
(294, 'punto evo', 292, 'submodel', ''),
(295, 'EMT petrol', 291, 'submodel', ''),
(296, 'D3 kinetic', 290, 'submodel', ''),
(297, 'volksvagen', 2, 'company', ''),
(298, 'hyundai', 2, 'company', ''),
(299, 'suzuki', 2, 'company', ''),
(300, 'passat', 297, 'model', 'assets/images/vectorimage/vector_299.png'),
(301, 'verna', 298, 'model', 'assets/images/vectorimage/vector_300.jpg'),
(302, 'accent', 298, 'model', 'assets/images/vectorimage/vector_301.png'),
(303, 'xcent', 298, 'model', 'assets/images/vectorimage/vector_302.png'),
(304, 'ciaz', 299, 'model', 'assets/images/vectorimage/vector_303.jpeg'),
(305, 'Comfortline', 300, 'submodel', ''),
(306, 'Highline', 300, 'submodel', ''),
(307, '1.4 VTVT E', 301, 'submodel', ''),
(308, 'E Petrol', 303, 'submodel', ''),
(309, 'SX Petrol ', 303, 'submodel', ''),
(310, 'GLX', 302, 'submodel', ''),
(311, 'sigma petrol', 304, 'submodel', ''),
(312, 'alpha petrol', 304, 'submodel', '');

-- --------------------------------------------------------

--
-- Table structure for table `tbl_chat`
--

CREATE TABLE `tbl_chat` (
  `chat_id` int(5) NOT NULL,
  `registration_id` int(5) NOT NULL,
  `message` varchar(1000) NOT NULL,
  `date` datetime NOT NULL
) ENGINE=InnoDB DEFAULT CHARSET=latin1;

--
-- Dumping data for table `tbl_chat`
--

INSERT INTO `tbl_chat` (`chat_id`, `registration_id`, `message`, `date`) VALUES
(1, 7, 'hii', '2018-04-20 06:33:50');

-- --------------------------------------------------------

--
-- Table structure for table `tbl_contact_us`
--

CREATE TABLE `tbl_contact_us` (
  `contact_id` int(5) NOT NULL,
  `name` varchar(50) NOT NULL,
  `email` varchar(100) NOT NULL,
  `subject` varchar(100) NOT NULL,
  `message` varchar(500) NOT NULL
) ENGINE=InnoDB DEFAULT CHARSET=latin1;

--
-- Dumping data for table `tbl_contact_us`
--

INSERT INTO `tbl_contact_us` (`contact_id`, `name`, `email`, `subject`, `message`) VALUES
(1, 'Arjun divakara', 'arjundivakar@gmail.com', 'car selller', 'give me link car detail in personal send company type  model please send'),
(2, 'dhaval boghara', 'boghara111dhaval@gmail.com', 'dealer detail', 'please send car mela  address send '),
(3, 'akshay gadhiya', 'akshaygadhiya0@gmail.com', 'REMOVE CAR  ', 'PLEASE REMOVE MY CAR AND MY SELL NUMBER IS 9563214578'),
(4, 'Narendra BAVISIYA', 'NARENDRABAVISHIYA025@GMAIL.COM', 'LOGIN RELATED ISSUE', 'log in related issue'),
(5, 'tushar koldiya', 'koldiyatushar@gmail.com', 'dealership related ', 'i am interested new dealer ship member rajsthan'),
(6, 'Ankit Ramani', 'ankitramani@gmail.com', 'dealership related ', 'Dealership Inquiries please call 7506006820'),
(7, 'akash vekariya', 'akashvvekariya@gmail.com', 'buy car in carmela', 'If you have bought a car or are looking to buy a car, please call 9930295053'),
(8, 'ramesh vekariya', 'rameshvvekariya123@gmail.com', 'buy car in carmela', 'If you have bought a i20 or are looking to buy a car, please call 9930295053'),
(9, 'rajiv gandhi', 'rajivgandhiinfo@gmail.com', 'buying car detail', 'If your car is listed for sale on Carhouse2k18@gmail.com, please mailsend'),
(10, 'prashant', 'prashant123@gmail.com', 'query related', 'For Advertising queries, please contact Anand Mohan on anand@carwale.com.\r\n\r\n'),
(11, 'simla gandhi', 'simlagandhiinfo123@gmail.com', 'buy car detail', 'If your car is listed for sale on autocar2k18@gmail.com, please mailsend'),
(12, 'piyush', 'piyush3625@gmail.com', 'query related', 'For login queries, please contact  on piyush@wale.com.\r\n\r\n'),
(13, 'nishant', 'nishantinfo25@gmail.com', 'car purchased', 'nissan model list'),
(14, 'jaydip', 'jaydip123@gmail.com', 'dealership related', 'i am give dealership dealer can in chennai'),
(15, 'vishal', 'vishalinfo25@gmail.com', 'car purchased', 'audi model list'),
(16, 'umang', 'umang25123@gmail.com', 'dealership related', 'i am give dealership dealer can in mumbai'),
(17, 'ashish pel', 'ashish111pel@gmail.com', 'login related', 'carmela login related issue'),
(18, 'mitesh variya', 'mitesh', 'web site related', 'not perform in server side work website'),
(19, 'ashish kachi', 'ashish123kachi@gmail.com', 'login related', 'carmela login related issue'),
(20, 'haresh variya', 'haresh', 'web site related', 'not perform in server side work website'),
(21, 'kishuram', 'kishuram123hifi@gmail.com', 'i will purchased i20 car give me detail send', 'mo-9825363251'),
(22, 'rampal dave', 'rampal@gmail.com', 'i will purchased i10 car give me detail send', 'mo-9822363251'),
(23, 'ali', 'alirahim123hifi@gmail.com', 'i will purchased i10 car give me detail send', 'mo-9236363251'),
(24, 'ram dave', 'ram@gmail.com', 'i will purchased alto car give me detail send', 'mo-9933363251'),
(25, 'kishan', 'kishanvadiya@gmail.com', 'car dealer detail ', 'all term & condition send'),
(26, 'kishan', 'kishanvadiya@gmail.com', 'car dealer detail ', 'all term & condition send'),
(27, 'mayur', 'mayur@gmail.com', 'product Detail', 'I will know your  car detail for the future purchase audi.'),
(28, 'AKshay', 'akshaygadhiya@gmal.com', 'hello', 'thnks for contact us'),
(29, 'AKshay', 'carhouse2k18@gmail.com', 'hello', 'sjsijfijsfdfncd kncknkc'),
(30, 'dhaval', 'nbavishiya25@gmail.com', 'hello', 'iji'),
(31, 'AKshay', 'akshaygad54545hiya@gmal.com', 'hello', 'huhih'),
(32, 'Ankit Ramani', 'ankitramani900@gmail.com', 'demo', 'demo'),
(33, 'Gadhiya Akshay', 'carhouse2k188@gmail.com', 'demo', 'a'),
(34, 'tushar', 'tusharkoladiya06@gmail.com', 'swift', 'please send me a specification');

-- --------------------------------------------------------

--
-- Table structure for table `tbl_email_subscriber`
--

CREATE TABLE `tbl_email_subscriber` (
  `email_id` int(5) NOT NULL,
  `email` varchar(50) NOT NULL
) ENGINE=InnoDB DEFAULT CHARSET=latin1;

--
-- Dumping data for table `tbl_email_subscriber`
--

INSERT INTO `tbl_email_subscriber` (`email_id`, `email`) VALUES
(1, 'akshaygadhiya0@gmail.com'),
(2, 'boghara111dhaval@gmail.com'),
(3, 'carhouse2k18@gmail.com');

-- --------------------------------------------------------

--
-- Table structure for table `tbl_feedback`
--

CREATE TABLE `tbl_feedback` (
  `feedback_id` int(5) NOT NULL,
  `name` varchar(50) NOT NULL,
  `message` varchar(500) NOT NULL
) ENGINE=InnoDB DEFAULT CHARSET=latin1;

--
-- Dumping data for table `tbl_feedback`
--

INSERT INTO `tbl_feedback` (`feedback_id`, `name`, `message`) VALUES
(1, 'Akshay', 'JudgeService helps businesses improve their customer service by asking customers and potential customers for feedback about the experience.'),
(2, 'Dhaval', 'your services is good'),
(3, 'Tushar', 'car hase been search fastly'),
(4, 'Jaydeep', 'excellent...'),
(5, 'divakar', 'nice website and services is good'),
(6, 'narendra', 'services is good'),
(7, 'parasant', 'thnks for good services'),
(8, 'mitesh', 'car services and selling processor iss good'),
(9, 'ankit ramani', 'services is good and car selling processor to meet a delere and excellent'),
(10, 'Akash vekariya', 'services is good'),
(11, 'haresh sir', 'nice website and thanks to provide service'),
(12, 'sagar', 'Was our staff friendly and courteous'),
(13, 'jemish', 'Please rate the exterior cleanliness of your car'),
(14, 'hiren', 'If service provided please rate the interior cleanliness of your car'),
(15, 'vivek', 'If car detailing was provided please rate the quality of the service'),
(16, 'ashish', 'good looking services and seling is good and provided services'),
(17, 'paras', 'services is good'),
(18, 'chirag', 'nice online service center'),
(19, 'mahesh', 'excellent staff working'),
(20, 'goli', 'car house website is a good for delar  and user side'),
(21, 'jay', 'website is good provided services'),
(22, 'karinal', 'website is secure payment for service and delere side is good'),
(23, 'paruthavu', 'services is good'),
(24, 'rubi', 'services is good and excellent website'),
(25, 'shareya', 'car house is a user friendly web'),
(35, 'Akshay', 'good'),
(36, 'narendra', 'excellent');

-- --------------------------------------------------------

--
-- Table structure for table `tbl_follow`
--

CREATE TABLE `tbl_follow` (
  `follow_id` int(5) NOT NULL,
  `carmela_id` int(5) NOT NULL,
  `register_id` int(5) NOT NULL
) ENGINE=InnoDB DEFAULT CHARSET=latin1;

--
-- Dumping data for table `tbl_follow`
--

INSERT INTO `tbl_follow` (`follow_id`, `carmela_id`, `register_id`) VALUES
(1, 20, 2);

-- --------------------------------------------------------

--
-- Table structure for table `tbl_like`
--

CREATE TABLE `tbl_like` (
  `like_id` int(5) NOT NULL,
  `carmela_id` int(5) NOT NULL,
  `register_id` int(5) NOT NULL
) ENGINE=InnoDB DEFAULT CHARSET=latin1;

-- --------------------------------------------------------

--
-- Table structure for table `tbl_location`
--

CREATE TABLE `tbl_location` (
  `location_id` int(5) NOT NULL,
  `name` varchar(100) NOT NULL,
  `parent_id` int(5) NOT NULL,
  `lable` varchar(50) NOT NULL,
  `pincode` varchar(6) NOT NULL
) ENGINE=InnoDB DEFAULT CHARSET=latin1;

--
-- Dumping data for table `tbl_location`
--

INSERT INTO `tbl_location` (`location_id`, `name`, `parent_id`, `lable`, `pincode`) VALUES
(1, 'Gujarat', 0, 'state', ''),
(2, 'Maharastra', 0, 'state', ''),
(3, 'Hariyana', 0, 'state', ''),
(4, 'Rajasthan', 0, 'state', ''),
(5, 'uttar pradesh', 0, 'state', ''),
(7, 'surat', 1, 'city', ''),
(8, 'Rajkot', 1, 'city', ''),
(9, 'Ahmedabad', 1, 'city', ''),
(10, 'Vadodara', 1, 'city', ''),
(11, 'bhavnagar', 1, 'city', ''),
(12, 'jamnagar', 1, 'city', ''),
(13, 'junagadh', 1, 'city', ''),
(14, 'anand', 1, 'city', ''),
(15, 'navsari', 1, 'city', ''),
(16, 'morbi', 1, 'city', ''),
(17, 'Surendranagar', 1, 'city', ''),
(18, 'Mumbai', 2, 'city', ''),
(19, 'pune', 2, 'city', ''),
(20, 'nashik', 2, 'city', ''),
(21, 'aurangabad', 2, 'city', ''),
(22, 'nagpur', 2, 'city', ''),
(23, 'faridabad', 3, 'city', ''),
(24, 'jind', 3, 'city', ''),
(25, 'sirsa', 3, 'city', ''),
(26, 'kaithal', 3, 'city', ''),
(27, 'thanesar', 3, 'city', ''),
(28, 'jodhpur', 4, 'city', ''),
(29, 'udaipur', 4, 'city', ''),
(30, 'bikaner', 4, 'city', ''),
(31, 'ajmer', 4, 'city', ''),
(32, 'jaipur', 4, 'city', ''),
(33, 'lucknow', 5, 'city', ''),
(34, 'varanasi', 5, 'city', ''),
(35, 'agra', 5, 'city', ''),
(36, 'kanpur', 5, 'city', ''),
(37, 'allahabad', 5, 'city', ''),
(38, 'varachha', 7, 'area', ''),
(39, 'nanpura', 7, 'area', ''),
(40, 'katargam', 7, 'area', ''),
(41, 'amroli', 7, 'area', ''),
(42, 'bardoli', 7, 'area', ''),
(43, 'vesu', 7, 'area', ''),
(44, 'adajan', 7, 'area', ''),
(45, 'althan', 7, 'area', ''),
(46, 'piplod', 7, 'area', ''),
(47, 'jahangirpura', 7, 'area', ''),
(48, 'olpad', 7, 'area', ''),
(49, 'dumas', 7, 'area', ''),
(50, 'kamrej', 7, 'area', ''),
(51, 'majura gate', 7, 'area', ''),
(52, 'dindoli', 7, 'area', ''),
(53, 'udhana', 7, 'area', ''),
(54, 'sayan', 7, 'area', ''),
(55, 'mahidharpura', 7, 'area', ''),
(56, 'parvat patiya', 7, 'area', ''),
(57, 'hazira', 7, 'area', ''),
(58, 'punagam', 7, 'area', ''),
(59, 'bhagal', 7, 'area', ''),
(60, 'sarthana', 7, 'area', ''),
(61, 'kosad', 7, 'area', ''),
(62, 'yogichowk', 7, 'area', ''),
(63, 'sadar', 8, 'area', ''),
(64, 'dhebar road', 8, 'area', ''),
(65, 'mavdi', 8, 'area', ''),
(66, 'ratan par', 8, 'area', ''),
(67, 'vavdi', 8, 'area', ''),
(68, 'nikol', 9, 'area', ''),
(69, 'bapunagar', 9, 'area', ''),
(70, 'sabarmati', 9, 'area', ''),
(71, 'kalupur', 9, 'area', ''),
(72, 'kankaria', 9, 'area', ''),
(73, 'dabhoi', 10, 'area', ''),
(74, 'padra', 10, 'area', ''),
(75, 'sayajipura', 10, 'area', ''),
(76, 'halol', 10, 'area', ''),
(77, 'manjalpur', 10, 'area', ''),
(78, 'palitana', 11, 'area', ''),
(79, 'rajapara', 11, 'area', ''),
(80, 'panvadi', 11, 'area', ''),
(81, 'sihor', 11, 'area', ''),
(82, 'vadva', 11, 'area', ''),
(83, 'dhrol', 12, 'area', ''),
(84, 'kalavad', 12, 'area', ''),
(85, 'kalyanpur', 12, 'area', ''),
(86, 'lalpur', 12, 'area', ''),
(87, 'jodiya', 12, 'area', ''),
(88, 'keshod', 13, 'area', ''),
(89, 'talala', 13, 'area', ''),
(90, 'visavadar', 13, 'area', ''),
(91, 'kodinar', 13, 'area', ''),
(92, 'sasan gir', 13, 'area', ''),
(93, 'borsad', 14, 'area', ''),
(94, 'tarapur', 14, 'area', ''),
(95, 'vallabh vidhyanagar', 14, 'area', ''),
(96, 'vasad', 14, 'area', ''),
(97, 'nadiad', 14, 'area', ''),
(98, 'jalalpore', 15, 'area', ''),
(99, 'chikhli', 15, 'area', ''),
(100, 'gandevi', 15, 'area', ''),
(101, 'vansda', 15, 'area', ''),
(102, 'halvad', 16, 'area', ''),
(103, 'sanala', 16, 'area', ''),
(104, 'bagthala', 16, 'area', ''),
(105, 'ravapar', 16, 'area', ''),
(106, 'limbdi', 17, 'area', ''),
(108, 'chotila', 17, 'area', ''),
(109, 'chuda', 17, 'area', ''),
(110, 'sayla', 17, 'area', ''),
(112, 'bandra', 18, 'area', ''),
(113, 'goregaon', 18, 'area', ''),
(114, 'juhu', 18, 'area', ''),
(115, 'lal baug', 18, 'area', ''),
(116, 'vile parle ', 18, 'area', ''),
(117, 'chimbali', 19, 'area', ''),
(118, 'induri', 19, 'area', ''),
(119, 'magarpatta', 19, 'area', ''),
(120, 'mulshi', 19, 'area', ''),
(123, 'trimbak', 20, 'area', ''),
(124, 'wavi', 20, 'area', ''),
(125, 'gotane wada', 20, 'area', ''),
(126, 'dasak', 20, 'area', ''),
(127, 'aurangpur', 21, 'area', ''),
(128, 'bhikhapur', 21, 'area', ''),
(129, 'borwadi', 21, 'area', ''),
(130, 'golwadi', 21, 'area', ''),
(131, 'palshi', 21, 'area', ''),
(132, 'katol', 22, 'area', ''),
(133, 'umred', 22, 'area', ''),
(134, 'mauda', 22, 'area', ''),
(135, 'bhiwapur', 22, 'area', ''),
(136, 'kuhi', 22, 'area', ''),
(137, 'alampur', 23, 'area', ''),
(138, 'bhopani', 23, 'area', ''),
(139, 'dhoj', 23, 'area', ''),
(140, 'kot', 23, 'area', ''),
(141, 'mangar', 23, 'area', ''),
(142, 'baroli', 24, 'area', ''),
(143, 'dhanori', 24, 'area', ''),
(144, 'hadwa', 24, 'area', ''),
(145, 'kasun', 24, 'area', ''),
(146, 'shahpur', 24, 'area', ''),
(147, 'alanoor', 25, 'area', ''),
(148, 'bhadra', 25, 'area', ''),
(149, 'darbi', 25, 'area', ''),
(150, 'hanjira', 25, 'area', ''),
(151, 'kheri', 25, 'area', ''),
(152, 'batta', 26, 'area', ''),
(153, 'bir bangran', 26, 'area', ''),
(154, 'dubal', 26, 'area', ''),
(155, 'naina', 26, 'area', ''),
(156, 'ujana', 26, 'area', ''),
(157, 'amin road', 27, 'area', ''),
(158, 'ladwa', 27, 'area', ''),
(159, 'palwal', 27, 'area', ''),
(160, 'dhand road', 27, 'area', ''),
(161, 'umri', 27, 'area', ''),
(162, 'luni', 28, 'area', ''),
(163, 'phalodi', 28, 'area', ''),
(164, 'osian', 28, 'area', ''),
(165, 'bhopalgarth', 28, 'area', ''),
(166, 'bari', 29, 'area', ''),
(167, 'iswal', 29, 'area', ''),
(168, 'madri', 29, 'area', ''),
(169, 'umarda', 29, 'area', ''),
(170, 'zinc park', 29, 'area', ''),
(171, 'khajuwala', 30, 'area', ''),
(172, 'palana', 30, 'area', ''),
(173, 'rani bazar', 30, 'area', ''),
(174, 'sinthal', 30, 'area', ''),
(175, 'kayad', 31, 'area', ''),
(176, 'nagra', 31, 'area', ''),
(177, 'masuda', 31, 'area', ''),
(178, 'ganj', 31, 'area', ''),
(179, 'amer', 32, 'area', ''),
(180, 'baroni', 32, 'area', ''),
(181, 'dholai', 32, 'area', ''),
(182, 'kanota', 32, 'area', ''),
(183, 'mahal road', 32, 'area', ''),
(184, 'anora', 33, 'area', ''),
(185, 'chowk', 33, 'area', ''),
(186, 'khadra', 33, 'area', ''),
(187, 'lonapur', 33, 'area', ''),
(188, 'kabir pur', 33, 'area', ''),
(189, 'konia', 34, 'area', ''),
(190, 'shivala', 34, 'area', ''),
(191, 'shiiv pur', 34, 'area', ''),
(192, 'salarpur', 34, 'area', ''),
(193, 'arela', 35, 'area', ''),
(194, 'bainpur', 35, 'area', ''),
(195, 'dulhara', 35, 'area', ''),
(196, 'namner', 35, 'area', ''),
(197, 'chakeri', 36, 'area', ''),
(198, 'juhi', 36, 'area', ''),
(199, 'rura', 36, 'area', ''),
(200, 'singhpur', 36, 'area', ''),
(201, 'kareli', 37, 'area', ''),
(202, 'mirzapur', 37, 'area', ''),
(203, 'vivek vihar', 37, 'area', ''),
(204, 'jhalwa', 37, 'area', ''),
(205, 'hirabug', 38, 'landmark', ''),
(206, 'kapodra', 38, 'landmark', ''),
(207, 'bahumali', 39, 'landmark', ''),
(208, 'gopi talav', 39, 'landmark', ''),
(209, 'ved road', 40, 'landmark', ''),
(210, 'gajera circle', 40, 'landmark', ''),
(211, 'jalaram temple', 41, 'landmark', ''),
(212, 'rajwadi party plot', 41, 'landmark', ''),
(213, 'talavadi', 42, 'landmark', ''),
(214, 'panda', 42, 'landmark', ''),
(215, 'jain temple', 43, 'landmark', ''),
(216, 'kenal road', 43, 'landmark', ''),
(217, 'river front', 44, 'landmark', ''),
(218, 'gujarat gas circle', 44, 'landmark', ''),
(219, 'new city light road', 45, 'landmark', ''),
(220, 'sarsana road', 45, 'landmark', ''),
(221, 'iscon mall', 46, 'landmark', ''),
(222, 'pragati nagar circle', 46, 'landmark', ''),
(223, 'iscon mall', 47, 'landmark', ''),
(224, 'vihel', 47, 'landmark', ''),
(225, 'sayan road', 48, 'landmark', ''),
(226, 'kumbharvad', 48, 'landmark', ''),
(227, 'silent zone', 49, 'landmark', ''),
(228, 'love temple road', 49, 'landmark', ''),
(229, 'laskana', 50, 'landmark', ''),
(230, 'pasodra', 50, 'landmark', ''),
(231, 'gandhi smurti bhavan', 51, 'landmark', ''),
(232, 'sosyo circle', 51, 'landmark', ''),
(233, 'rami park', 52, 'landmark', ''),
(234, 'millenium park', 52, 'landmark', ''),
(235, 'gIDC road', 53, 'landmark', ''),
(236, 'bhestan', 53, 'landmark', ''),
(237, 'sayan road', 54, 'landmark', ''),
(238, 'kim road', 54, 'landmark', ''),
(239, 'gotalawadi', 55, 'landmark', ''),
(240, 'bhagol', 55, 'landmark', ''),
(241, 'aiamata road', 56, 'landmark', ''),
(242, 'amazia amusemen park', 56, 'landmark', ''),
(243, 'suvali beach road', 57, 'landmark', ''),
(244, 'ichhapore', 57, 'landmark', ''),
(245, 'sitanagar', 58, 'landmark', ''),
(246, 'puna kumbhariya road', 58, 'landmark', ''),
(247, 'soni faliyu', 59, 'landmark', ''),
(248, 'rani talab road', 59, 'landmark', ''),
(249, 'navjeevan road', 60, 'landmark', ''),
(250, 'sarthana nature park', 60, 'landmark', ''),
(251, 'kosad lake garden', 61, 'landmark', ''),
(252, 'akar club', 62, 'landmark', ''),
(253, 'vraj chock', 62, 'landmark', ''),
(254, 'jubilee garden', 63, 'landmark', ''),
(255, 'press road', 63, 'landmark', ''),
(256, 'geetanagar main road', 64, 'landmark', ''),
(257, 'dharma jivan soc', 64, 'landmark', ''),
(258, 'mavdi chowk', 65, 'landmark', ''),
(259, 'ring road', 65, 'landmark', ''),
(260, 'rajkot morbi highway', 66, 'landmark', ''),
(261, 'gondal road', 67, 'landmark', ''),
(262, 'vavdi main road', 67, 'landmark', ''),
(263, 'pandav vadi', 68, 'landmark', ''),
(264, 'nikol odhav road', 68, 'landmark', ''),
(265, 'vijay chowk', 69, 'landmark', ''),
(266, 'bapunagar flyover', 69, 'landmark', ''),
(267, 'shree nankram chowk', 70, 'landmark', ''),
(268, 'bulakhidas road', 70, 'landmark', ''),
(269, 'station road', 71, 'landmark', ''),
(270, 'prem darwaja', 70, 'landmark', ''),
(271, 'nagina vadi', 72, 'landmark', ''),
(272, 'kalupur darwaja', 71, 'landmark', ''),
(273, 'mira cinema road', 72, 'landmark', ''),
(274, 'rambag', 72, 'landmark', ''),
(275, 'navyug colony', 72, 'landmark', ''),
(276, 'tagor road', 73, 'landmark', ''),
(277, 'gajra wadi road', 73, 'landmark', ''),
(278, 'ganesh chowk', 74, 'landmark', ''),
(279, 'leuva patel vadi', 74, 'landmark', ''),
(280, 'sayaji TWP road', 75, 'landmark', ''),
(281, 'kamla talav', 75, 'landmark', ''),
(282, 'nandanvan park', 76, 'landmark', ''),
(283, 'circuit house', 76, 'landmark', ''),
(284, 'lalbaug', 77, 'landmark', ''),
(285, 'makarpura GIDC', 77, 'landmark', ''),
(286, 'songadh palitana road', 78, 'landmark', ''),
(287, 'banking point', 78, 'landmark', ''),
(288, 'RTO circle', 79, 'landmark', ''),
(289, 'jogging park', 79, 'landmark', ''),
(290, 'bahumali bhavan', 80, 'landmark', ''),
(291, 'kalubha road', 80, 'landmark', ''),
(292, 'vavdi', 81, 'landmark', ''),
(293, 'sihor GIDC', 81, 'landmark', ''),
(294, 'shelarshah road', 82, 'landmark', ''),
(295, 'alka cinema road', 82, 'landmark', ''),
(296, 'dhrol trikon', 83, 'landmark', ''),
(297, 'rajkot highway road', 83, 'landmark', ''),
(298, 'town hall kalavad', 84, 'landmark', ''),
(299, 'garbi chowk', 84, 'landmark', ''),
(300, 'kalyanpur station road', 85, 'landmark', ''),
(301, 'post office road', 86, 'landmark', ''),
(302, 'parekhbag road', 86, 'landmark', ''),
(303, 'mandvi chowk', 87, 'landmark', ''),
(304, 'jodiya road', 87, 'landmark', ''),
(305, 'amrutnagar cross road', 88, 'landmark', ''),
(306, 'junagadh road', 88, 'landmark', ''),
(307, 'galiyavad road', 89, 'landmark', ''),
(308, 'talal sub station', 89, 'landmark', ''),
(309, 'dhari bypass road', 90, 'landmark', ''),
(310, 'sasan visavadar highway', 90, 'landmark', ''),
(311, 'una road', 91, 'landmark', ''),
(312, 'azad chowk', 91, 'landmark', ''),
(313, 'gir national park', 92, 'landmark', ''),
(314, 'sasan visavadar highway', 92, 'landmark', ''),
(315, 'petlad borsad road', 93, 'landmark', ''),
(316, 'canal road', 93, 'landmark', ''),
(317, 'tarapur road', 94, 'landmark', ''),
(318, 'tarapur vasad highway', 94, 'landmark', ''),
(319, 'nandalay road', 95, 'landmark', ''),
(320, 'bakrol road', 95, 'landmark', ''),
(321, 'tarapur vasad highway', 96, 'landmark', ''),
(322, 'high school road', 96, 'landmark', ''),
(323, 'pij road', 97, 'landmark', ''),
(324, 'paras circle', 97, 'landmark', ''),
(325, 'limada chowk', 98, 'landmark', ''),
(326, 'ambavadi road', 98, 'landmark', ''),
(327, 'ashirwad bHIM mall', 99, 'landmark', ''),
(328, 'torangam', 100, 'landmark', ''),
(329, 'ajrai road', 100, 'landmark', ''),
(330, 'city road', 101, 'landmark', ''),
(331, 'vansda tower', 101, 'landmark', ''),
(332, 'isanpur', 102, 'landmark', ''),
(333, 'samntsar lake', 102, 'landmark', ''),
(334, 'bhakti nagar circle', 103, 'landmark', ''),
(335, 'bagthala road', 104, 'landmark', ''),
(336, 'fulki river', 104, 'landmark', ''),
(337, 'jalaram circle', 105, 'landmark', ''),
(338, 'canal road', 105, 'landmark', ''),
(339, 'station road', 106, 'landmark', ''),
(340, 'bus stand road', 108, 'landmark', ''),
(341, 'mehata station', 109, 'landmark', ''),
(342, 'sayla main road', 110, 'landmark', ''),
(343, 'sudama road', 109, 'landmark', ''),
(344, 'rebello road', 112, 'landmark', ''),
(345, 'pali hill', 112, 'landmark', ''),
(346, 'aarey road', 113, 'landmark', ''),
(347, 'film city road', 113, 'landmark', ''),
(348, 'juhu beach', 114, 'landmark', ''),
(349, 'linking road', 114, 'landmark', ''),
(350, 'everard internal road', 115, 'landmark', ''),
(351, 'sewri chembur road', 115, 'landmark', ''),
(352, 'sun city', 116, 'landmark', ''),
(353, 'parle road', 116, 'landmark', ''),
(354, 'chimbali road', 117, 'landmark', ''),
(355, 'talegaon chakan road', 118, 'landmark', ''),
(356, 'chinchwad akurdi link road', 118, 'landmark', ''),
(357, 'magarpatta inner circle', 119, 'landmark', ''),
(358, 'aditi garden', 119, 'landmark', ''),
(359, 'mulshi road', 120, 'landmark', ''),
(360, 'tamhini ghat road', 120, 'landmark', ''),
(361, 'jawar road', 123, 'landmark', ''),
(362, 'ambedkar chowk', 123, 'landmark', ''),
(363, 'niphad road', 124, 'landmark', ''),
(364, 'lasalgaon road', 124, 'landmark', ''),
(365, 'pune road', 125, 'landmark', ''),
(366, 'damodar road', 125, 'landmark', ''),
(367, 'canal road', 126, 'landmark', ''),
(368, 'sailani baba road', 126, 'landmark', ''),
(369, 'belhe manchar road', 127, 'landmark', ''),
(370, 'shingve bhagdi road', 127, 'landmark', ''),
(371, 'darshan bhartkiund marg', 128, 'landmark', ''),
(372, 'faizabad road', 128, 'landmark', ''),
(373, 'khirdi road', 129, 'landmark', ''),
(374, 'amdapur janefal road', 129, 'landmark', ''),
(375, 'golwadi bypass', 130, 'landmark', ''),
(376, 'paithan road', 130, 'landmark', ''),
(377, 'palshi road', 131, 'landmark', ''),
(378, 'bakapur', 131, 'landmark', ''),
(379, 'kondhali katol road', 132, 'landmark', ''),
(380, 'khangaon', 132, 'landmark', ''),
(381, 'itwari main road', 133, 'landmark', ''),
(382, 'gadchiroli nagpur highway', 133, 'landmark', ''),
(383, 'bandra road', 134, 'landmark', ''),
(384, 'mouda bypass', 134, 'landmark', ''),
(385, 'gadchori nagpur highway', 135, 'landmark', ''),
(386, 'bhuyar', 135, 'landmark', ''),
(387, 'kuhi wadoda road', 136, 'landmark', ''),
(388, 'bhojapur', 136, 'landmark', ''),
(389, 'ballbhagan sohana marg', 137, 'landmark', ''),
(390, 'dhouj', 137, 'landmark', ''),
(391, 'vasundra road', 138, 'landmark', ''),
(392, 'rawat dairy road', 138, 'landmark', ''),
(393, 'sohana marg', 139, 'landmark', ''),
(394, 'samaypur dhauj ballbhgarh road', 139, 'landmark', ''),
(395, 'camp wild road', 141, 'landmark', ''),
(396, 'grand trunk road', 140, 'landmark', ''),
(397, 'kanpur allahabad highway', 140, 'landmark', ''),
(398, 'bhilwara modak road', 142, 'landmark', ''),
(399, 'dam and cenal road', 142, 'landmark', ''),
(400, 'dhanori road', 143, 'landmark', ''),
(401, 'alandi road', 143, 'landmark', ''),
(402, 'ram nagar', 144, 'landmark', ''),
(403, 'khatkar', 145, 'landmark', ''),
(404, 'badhana', 145, 'landmark', ''),
(405, 'm g road', 146, 'landmark', ''),
(406, 'akashneem marg', 146, 'landmark', ''),
(407, 'sirsa ellenabad road', 147, 'landmark', ''),
(408, 'sirsa rania road', 147, 'landmark', ''),
(409, 'darbi bharokhan road', 149, 'landmark', ''),
(410, 'darbi bahauddin road', 149, 'landmark', ''),
(411, 'gaat bhawan', 150, 'landmark', ''),
(412, 'poonia villa', 150, 'landmark', ''),
(413, 'kaithal  tohana road', 152, 'landmark', ''),
(414, 'sajuma', 152, 'landmark', ''),
(415, 'durana road', 153, 'landmark', ''),
(416, 'rohera road', 153, 'landmark', ''),
(417, 'sajuma road', 154, 'landmark', ''),
(418, 'sinand', 154, 'landmark', ''),
(419, 'naina mundri road', 155, 'landmark', ''),
(420, 'dhons naina rd', 155, 'landmark', ''),
(421, 'kaithal ambala road', 156, 'landmark', ''),
(422, 'deohra', 156, 'landmark', ''),
(423, 'amin road', 157, 'landmark', ''),
(424, 'amin samana bahu road', 157, 'landmark', ''),
(425, 'hinori road', 158, 'landmark', ''),
(426, 'atta bilaspur marg', 158, 'landmark', ''),
(427, 'hasanpur palwal road', 159, 'landmark', ''),
(428, 'amarpur palwal road', 159, 'landmark', ''),
(429, 'pehowa road', 160, 'landmark', ''),
(430, 'kaithal dandh road', 160, 'landmark', ''),
(431, 'umri road', 161, 'landmark', ''),
(432, 'grand trunk road', 161, 'landmark', ''),
(433, 'luni road', 162, 'landmark', ''),
(434, 'pheench luni road', 162, 'landmark', ''),
(435, 'phalodi dechu road', 163, 'landmark', ''),
(436, 'khichan', 163, 'landmark', ''),
(437, 'tiwari road', 164, 'landmark', ''),
(438, 'jain mandir road', 164, 'landmark', ''),
(439, 'tehsil road', 165, 'landmark', ''),
(440, 'jodhpur shnakhash marg', 165, 'landmark', ''),
(441, 'rani road', 166, 'landmark', ''),
(442, 'the castle mewar road', 167, 'landmark', ''),
(443, 'udaipur bypass', 167, 'landmark', ''),
(444, 'kelwa', 168, 'landmark', ''),
(445, 'kunwariya', 168, 'landmark', ''),
(446, 'jaisamand udaipur road', 169, 'landmark', ''),
(447, 'umara', 169, 'landmark', ''),
(448, 'moti magri road', 170, 'landmark', ''),
(449, 'fateh sagar road', 170, 'landmark', ''),
(450, 'pawali road', 172, 'landmark', ''),
(451, 'ramdev mandir road', 172, 'landmark', ''),
(452, 'nehra marg', 172, 'landmark', ''),
(453, 'rajiv colini road', 172, 'landmark', ''),
(454, 'patti peda road', 173, 'landmark', ''),
(455, 'industrial area road', 173, 'landmark', ''),
(456, 'napasar ladunun road', 174, 'landmark', ''),
(457, 'chand bhairav ground', 174, 'landmark', ''),
(458, 'kayad road', 175, 'landmark', ''),
(459, 'ajmer kota road', 176, 'landmark', ''),
(460, 'mayo link road', 176, 'landmark', ''),
(461, 'ajmer bijainagar road', 177, 'landmark', ''),
(462, 'masuda bandanwara goyala road', 177, 'landmark', ''),
(463, 'mahavie circle', 178, 'landmark', ''),
(464, 'ajmer road', 178, 'landmark', ''),
(465, 'sundar vilas road', 178, 'landmark', ''),
(466, 'teendwa', 180, 'landmark', ''),
(467, 'gajju bana', 180, 'landmark', ''),
(468, 'VT road', 181, 'landmark', ''),
(469, 'muhana road', 181, 'landmark', ''),
(470, 'rampura road', 181, 'landmark', ''),
(471, 'tonk road', 181, 'landmark', ''),
(472, 'gopalpura road', 181, 'landmark', ''),
(473, 'ksnota nayla road', 182, 'landmark', ''),
(474, 'heidi road', 182, 'landmark', ''),
(475, 'jeevan rekha road', 183, 'landmark', ''),
(476, 'mahal road', 183, 'landmark', ''),
(477, 'amausi station road', 184, 'landmark', ''),
(478, 'sadrauna road', 184, 'landmark', ''),
(479, 'sondhi tola chowk', 185, 'landmark', ''),
(480, 'chowk stadium', 185, 'landmark', ''),
(481, 'brahmadev marg', 186, 'landmark', ''),
(482, 'pakkapul bandra road', 186, 'landmark', ''),
(483, 'indra dham road', 187, 'landmark', ''),
(484, 'sultanpur road', 188, 'landmark', ''),
(485, 'varanasi road', 188, 'landmark', ''),
(486, 'golgadda road', 189, 'landmark', ''),
(487, 'GT Road', 189, 'landmark', ''),
(488, 'ravindrapuri road', 190, 'landmark', ''),
(489, 'godauliya lanka road', 190, 'landmark', ''),
(490, 'shivpur road', 191, 'landmark', ''),
(491, 'sindhora road', 191, 'landmark', ''),
(492, 'balua road', 192, 'landmark', ''),
(493, 'rishpattan road', 192, 'landmark', ''),
(494, 'jalesar road', 193, 'landmark', ''),
(495, 'khandauli etmadpur road', 193, 'landmark', ''),
(496, 'kailash temple road', 194, 'landmark', ''),
(497, 'roopvas road', 195, 'landmark', ''),
(498, 'the mall road', 196, 'landmark', ''),
(499, 'idgah road', 196, 'landmark', ''),
(500, 'kanpur road', 197, 'landmark', ''),
(501, 'kanpur jhansi road', 197, 'landmark', ''),
(502, 'jawahar road', 198, 'landmark', ''),
(503, 'MIG Road', 198, 'landmark', ''),
(504, 'derapur road', 199, 'landmark', ''),
(505, 'akbarpur rura road', 199, 'landmark', ''),
(506, 'bithoor road', 200, 'landmark', ''),
(507, 'GTB nagar road', 201, 'landmark', ''),
(508, 'noorullah road', 201, 'landmark', ''),
(509, 'station road', 202, 'landmark', ''),
(510, 'rambagh road', 202, 'landmark', ''),
(511, 'muir road', 203, 'landmark', ''),
(512, 'kutchery road', 203, 'landmark', ''),
(513, 'SIET road', 204, 'landmark', ''),
(514, 'kaushambi road', 204, 'landmark', '');

-- --------------------------------------------------------

--
-- Table structure for table `tbl_offer`
--

CREATE TABLE `tbl_offer` (
  `offer_id` int(5) NOT NULL,
  `offer_name` varchar(50) NOT NULL,
  `offer_rate` int(5) NOT NULL,
  `min_price` int(10) NOT NULL,
  `max_price` int(10) NOT NULL,
  `start_date` date NOT NULL,
  `end_date` date NOT NULL,
  `category_id` int(5) NOT NULL,
  `status` int(5) NOT NULL,
  `lable` varchar(10) NOT NULL
) ENGINE=InnoDB DEFAULT CHARSET=latin1;

-- --------------------------------------------------------

--
-- Table structure for table `tbl_rating`
--

CREATE TABLE `tbl_rating` (
  `rating_id` int(5) NOT NULL,
  `car_id` int(5) NOT NULL,
  `register_id` int(5) NOT NULL,
  `rate` int(5) NOT NULL
) ENGINE=InnoDB DEFAULT CHARSET=latin1;

--
-- Dumping data for table `tbl_rating`
--

INSERT INTO `tbl_rating` (`rating_id`, `car_id`, `register_id`, `rate`) VALUES
(1, 59, 1, 2),
(2, 58, 1, 5),
(3, 57, 1, 4),
(4, 56, 1, 4),
(5, 55, 1, 4),
(6, 54, 1, 3),
(7, 53, 1, 3),
(8, 52, 1, 5),
(9, 51, 1, 5),
(10, 50, 4, 5),
(11, 49, 4, 4),
(12, 48, 4, 4),
(13, 47, 4, 4),
(14, 46, 4, 3),
(15, 45, 4, 3),
(16, 44, 4, 5),
(17, 43, 4, 4),
(18, 42, 4, 5),
(19, 41, 4, 4),
(20, 40, 4, 3),
(21, 39, 4, 5),
(22, 38, 4, 3),
(23, 37, 4, 5),
(24, 36, 4, 5),
(25, 35, 4, 5),
(26, 34, 4, 4),
(27, 33, 4, 2),
(28, 32, 4, 3),
(29, 31, 4, 4),
(30, 30, 4, 5),
(31, 29, 4, 3),
(32, 28, 4, 4),
(33, 27, 4, 2),
(34, 26, 4, 5),
(35, 25, 4, 1),
(36, 24, 6, 4),
(37, 30, 6, 4),
(38, 29, 6, 5),
(39, 28, 6, 4),
(40, 27, 6, 5),
(41, 26, 6, 4),
(42, 25, 6, 4),
(43, 24, 6, 4),
(44, 23, 6, 3),
(45, 22, 6, 5),
(46, 21, 6, 4),
(47, 20, 6, 5),
(48, 19, 6, 3),
(49, 18, 6, 4),
(50, 17, 6, 3),
(51, 16, 6, 3),
(52, 15, 7, 4),
(53, 14, 7, 3),
(54, 13, 7, 5),
(55, 12, 7, 5),
(56, 10, 7, 4),
(57, 9, 7, 2),
(58, 8, 7, 3),
(59, 7, 7, 4),
(60, 6, 7, 5),
(61, 5, 7, 4),
(62, 4, 7, 4),
(63, 3, 7, 4),
(64, 2, 7, 5),
(65, 1, 7, 5),
(66, 71, 1, 5),
(67, 70, 1, 5),
(68, 3, 13, 5);

-- --------------------------------------------------------

--
-- Table structure for table `tbl_recent_view`
--

CREATE TABLE `tbl_recent_view` (
  `view_id` int(5) NOT NULL,
  `register_id` int(5) NOT NULL,
  `car_id` int(5) NOT NULL
) ENGINE=InnoDB DEFAULT CHARSET=latin1;

--
-- Dumping data for table `tbl_recent_view`
--

INSERT INTO `tbl_recent_view` (`view_id`, `register_id`, `car_id`) VALUES
(1, 3, 59),
(2, 1, 59),
(3, 1, 52),
(4, 1, 22),
(5, 1, 21),
(6, 1, 58),
(7, 1, 57),
(8, 1, 56),
(9, 1, 55),
(10, 1, 54),
(11, 1, 53),
(12, 1, 51),
(13, 1, 50),
(14, 4, 59),
(15, 4, 50),
(16, 4, 51),
(17, 4, 49),
(18, 4, 48),
(19, 4, 47),
(20, 4, 46),
(21, 4, 45),
(22, 4, 44),
(23, 4, 43),
(24, 4, 42),
(25, 4, 41),
(26, 4, 40),
(27, 4, 39),
(28, 4, 38),
(29, 4, 37),
(30, 4, 36),
(31, 4, 35),
(32, 4, 34),
(33, 4, 33),
(34, 4, 32),
(35, 4, 31),
(36, 4, 30),
(37, 4, 29),
(38, 4, 28),
(39, 4, 27),
(40, 4, 26),
(41, 4, 25),
(42, 4, 24),
(43, 6, 59),
(44, 6, 30),
(45, 6, 29),
(46, 6, 28),
(47, 6, 27),
(48, 6, 26),
(49, 6, 25),
(50, 6, 24),
(51, 6, 23),
(52, 6, 22),
(53, 6, 21),
(54, 6, 20),
(55, 6, 19),
(56, 6, 18),
(57, 6, 17),
(58, 6, 16),
(59, 7, 15),
(60, 7, 1),
(61, 7, 14),
(62, 7, 13),
(63, 7, 12),
(64, 7, 10),
(65, 7, 9),
(66, 7, 8),
(67, 7, 7),
(68, 7, 6),
(69, 7, 50),
(70, 7, 5),
(71, 7, 40),
(72, 7, 4),
(73, 7, 3),
(74, 7, 24),
(75, 7, 2),
(76, 7, 57),
(77, 7, 32),
(78, 7, 58),
(79, 6, 57),
(80, 4, 57),
(81, 1, 63),
(82, 2, 71),
(83, 1, 71),
(84, 1, 70),
(85, 1, 2),
(86, 13, 71),
(87, 13, 3),
(88, 1, 1),
(89, 14, 71);

-- --------------------------------------------------------

--
-- Table structure for table `tbl_registration`
--

CREATE TABLE `tbl_registration` (
  `registration_id` int(5) NOT NULL,
  `a_provider` varchar(20) NOT NULL,
  `a_id` varchar(50) NOT NULL,
  `name` varchar(50) NOT NULL,
  `email` varchar(100) NOT NULL,
  `profile_pic` varchar(100) NOT NULL,
  `contact_no` varchar(12) NOT NULL,
  `password` varchar(2000) NOT NULL,
  `last_login` datetime NOT NULL,
  `gender` varchar(10) NOT NULL,
  `dob` date NOT NULL,
  `join_date` date NOT NULL,
  `status` int(5) NOT NULL
) ENGINE=InnoDB DEFAULT CHARSET=latin1;

--
-- Dumping data for table `tbl_registration`
--

INSERT INTO `tbl_registration` (`registration_id`, `a_provider`, `a_id`, `name`, `email`, `profile_pic`, `contact_no`, `password`, `last_login`, `gender`, `dob`, `join_date`, `status`) VALUES
(1, 'Website', '', 'akshay', 'akshaygadhiya0@gmail.com', 'user_asset/images/userprofile/profile_13.jpg', '', '712ad837ee0b3f40cc9fd7317c20313c0ca26c31b8471665af161442cdeba252ccbfd17f43d087f4736e7d76e45220cf76091b6e8c5a1e2480a75a3d47e0d3afw4TIWEEQXdks0eDqEWtCt0U/HcAIZvCBHAbaH1fkAss=', '2019-05-09 07:06:35', '', '0000-00-00', '2018-04-20', 1),
(2, 'Website', '', 'narendra', 'nbavishiya35@gmail.com', '', '', '22a1c7a3cbe6500908640f12bf8c9c950a393889610189f4f6aa5b848193313160c38d046bead19307882afd3f19b5945b9339a02215c87f04232b5d5bd019f71tWeOVTBcbIq0vnM9DHHnqyTRXtZC5W76kphv7iSYOI=', '2018-04-21 11:01:20', '', '0000-00-00', '2018-04-20', 1),
(3, 'Website', '', 'dhaval boghara', 'Dhaval111boghara@Gmail.Com', '', '', '1d8455e81292ebb785ba3098587e44cecd0bcbb983ca7a11c4a52c4d5524f24c1d51e4784d7d184c8f1ff2a9cea3658702e914d9f2cf7468c3cc4d82bf39d0c2tB6cCM/FxGD8FQ8pPBwumWwGew2laLv8cM0b4okp0Ao=', '2018-04-20 09:29:38', '', '0000-00-00', '2018-04-20', 1),
(4, 'Website', '', 'tushar koladiya', 'tushkoladiya06@gmail.com', '', '', 'e3740137acf83d4d10469319024b312d40497ebdc0ba246e7cb32edc854055f24a6ecdbaff3349188d140f42a7436ac3b6c2e3de80002433cd09e26de4d8e56bqxA/cclImZmg2b1QEPHQeNal781VWX1593+cfJc/9+0=', '2018-04-20 09:30:09', '', '0000-00-00', '2018-04-20', 1),
(5, 'Website', '', 'arjun divakar', 'arjundivkar12@gmail.com', '', '', '5dca9ef0c1342e0d0c3b9d5a01d179bcd8311b2371da50d0c1f61db639bc93742821390eb159a25233be2a91cb07786937d3847e267e35dbf03dee74f3695c71O0Yg87y1tu3sqTUAe5jzxQSYYdx6YJzJ2W70vdAcrwQ=', '2018-04-20 09:30:37', '', '0000-00-00', '2018-04-20', 1),
(6, 'Website', '', 'kishan gadhiya', 'kishangadhiya46@gmail.com', '', '', 'dbbebac664dec3fb3c75fb305c5301c9f98d02730a93804ec3a541aa76130e779c08111277752289bea8d0de6deecaf6ebb87ff834ecbd5be5b92cd0a31ed561eNj0RtNI9gI7MHsgogOVuoorq1zYjsE1HF6Qlnb/T2M=', '2018-04-20 09:32:14', '', '0000-00-00', '2018-04-20', 1),
(7, 'Website', '', 'nikunj ghori', 'nikunjghori12@gmail.com', 'user_asset/images/userprofile/profile_12.jpg', '', '44c7b7f125321be583afa14060ebaa7e83538b7cac5ca1c4d9d9f835ab6b613cc952825fa1a5be6ff47dff102ff1312e9894129feebea84de362d2bab5614a40BcM5jyM2W/uuw4ewoGGTphjIkXq8LQTLd+kfP2VMRGk=', '2018-04-21 11:22:33', '', '0000-00-00', '2018-04-20', 1),
(13, 'Website', '', 'akshay', 'akshay@gmail.com', 'user_asset/images/userprofile/profile_13.jpg', '9909684989', '8ba9f1fd467cc8302f1aaffb0393d952d6ff7cfb464aabf860a9e5d91a9949da98a015ebc38415c0414aed3cffa19d32e7e4c4c44b5d41b51e86195ca78f251b8iEvvD9Qh3li4cMTV5nii78NVshnk1h0Fh61SH31jPs=', '2018-04-21 12:58:25', '', '0000-00-00', '2018-04-21', 1),
(14, 'Website', '', 'hello', 'hello@gmail.com', '', '', '29f0dd803bf6ee7a2b5bd500c2befd7bf35293154e2eb6862728c76276b245dca4b0f948157096eb6c17701cdc16cbaf703cdab2dabac12ca42e3716dc82c92561rwcv47H4MEVA3au5nZeOK10tRK0ALE5wD3C1VhhQY=', '2021-02-21 05:55:57', '', '0000-00-00', '2021-02-21', 1);

-- --------------------------------------------------------

--
-- Table structure for table `tbl_service`
--

CREATE TABLE `tbl_service` (
  `service_id` int(11) NOT NULL,
  `name` varchar(100) NOT NULL,
  `price` varchar(50) NOT NULL,
  `category_id` varchar(10) NOT NULL
) ENGINE=InnoDB DEFAULT CHARSET=latin1;

--
-- Dumping data for table `tbl_service`
--

INSERT INTO `tbl_service` (`service_id`, `name`, `price`, `category_id`) VALUES
(1, 'engine oil', '999', '35'),
(2, 'oil filter', '450', '35'),
(3, 'spark plugs', '320', '35'),
(4, 'engine', '5500', '35'),
(5, 'brake fluid', '350', '35'),
(6, 'power steering fluid', '800', '35'),
(7, 'fuil filter', '600', '35'),
(8, 'wheel alignment', '550', '35'),
(9, 'Light check', '450', '35'),
(10, 'Battery', '15000', '35'),
(11, 'wipers check and Change', '1850', '35'),
(12, 'aC ', '850', '35'),
(13, 'air bag', '950', '35'),
(14, 'engine oil', '999', '285'),
(15, 'oil filter', '450', '285'),
(16, 'spark plugs', '320', '285'),
(17, 'engine', '5500', '285'),
(18, 'brake fluid', '350', '285'),
(19, 'power steering fluid', '800', '285'),
(20, 'fuil filter', '600', '285'),
(21, 'wheel alignment', '550', '285'),
(22, 'light check', '450', '285'),
(23, 'battery', '15000', '285'),
(24, 'wipers check and change', '1850', '285'),
(25, 'aC', '850', '285'),
(26, 'air bag', '950', '285'),
(27, 'engine oil', '1200', '36'),
(28, 'oil filter', '550', '36'),
(29, 'spark plugs', '520', '36'),
(30, 'engine', '8500', '36'),
(31, 'brake fluid', '450', '36'),
(32, 'power steering fluid', '950', '36'),
(33, 'fuil filter', '750', '36'),
(34, 'wheel alignment', '700', '36'),
(35, 'light check', '800', '36'),
(36, 'battery', '16000', '36'),
(37, 'wipers check and change', '2050', '36'),
(38, 'aC', '950', '36'),
(39, 'air bag', '1250', '36'),
(40, 'engine oil', '1200', '37'),
(41, 'oil filter', '550', '37'),
(42, 'spark plugs', '520', '37'),
(43, 'engine', '8500', '37'),
(44, 'brake fluid', '450', '37'),
(45, 'power steering fluid', '950', '37'),
(46, 'fuil filter', '750', '37'),
(47, 'wheel alignment', '700', '37'),
(48, 'light check', '800', '37'),
(49, 'battery', '16000', '37'),
(50, 'wipers check and change', '2050', '37'),
(51, 'aC', '950', '37'),
(52, 'air bag', '1250', '37'),
(53, 'engine oil', '1200', '38'),
(54, 'oil filter', '550', '38'),
(55, 'spark plugs', '520', '38'),
(56, 'engine', '8500', '38'),
(57, 'brake fluid', '450', '38'),
(58, 'power steering fluid', '950', '38'),
(59, 'fuil filter', '750', '38'),
(60, 'wheel alignment', '700', '38'),
(61, 'light check', '800', '38'),
(62, 'battery', '16000', '38'),
(63, 'wipers check and change', '2050', '38'),
(64, 'aC', '950', '38'),
(65, 'air bag', '1250', '38'),
(66, 'engine oil', '1200', '39'),
(67, 'oil filter', '550', '39'),
(68, 'spark plugs', '520', '39'),
(69, 'engine', '8500', '39'),
(70, 'brake fluid', '450', '39'),
(71, 'power steering fluid', '950', '39'),
(72, 'fuil filter', '750', '39'),
(73, 'wheel alignment', '700', '39'),
(74, 'light check', '800', '39'),
(75, 'battery', '16000', '39'),
(76, 'wipers check and change', '2050', '39'),
(77, 'aC', '950', '39'),
(78, 'air bag', '1250', '39'),
(79, 'engine oil', '1200', '40'),
(80, 'oil filter', '550', '40'),
(81, 'spark plugs', '520', '40'),
(82, 'engine', '8500', '40'),
(83, 'brake fluid', '450', '40'),
(84, 'power steering fluid', '950', '40'),
(85, 'fuil filter', '750', '40'),
(86, 'wheel alignment', '700', '40'),
(87, 'light check', '800', '40'),
(88, 'battery', '16000', '40'),
(89, 'wipers check and change', '2050', '40'),
(90, 'aC', '950', '40'),
(91, 'air bag', '1250', '40'),
(92, 'engine oil', '1200', '41'),
(93, 'oil filter', '550', '41'),
(94, 'spark plugs', '520', '41'),
(95, 'engine', '8500', '41'),
(96, 'brake fluid', '450', '41'),
(97, 'power steering fluid', '950', '41'),
(98, 'fuil filter', '750', '41'),
(99, 'wheel alignment', '700', '41'),
(100, 'light check', '800', '41'),
(101, 'battery', '16000', '41'),
(102, 'wipers check and change', '2050', '41'),
(103, 'aC', '950', '41'),
(104, 'air bag', '1250', '41'),
(118, 'engine oil', '1200', '42'),
(119, 'oil filter', '550', '42'),
(120, 'spark plugs', '520', '42'),
(121, 'engine', '8500', '42'),
(122, 'brake fluid', '450', '42'),
(123, 'power steering fluid', '950', '42'),
(124, 'fuil filter', '750', '42'),
(125, 'wheel alignment', '700', '42'),
(126, 'light check', '800', '42'),
(127, 'battery', '16000', '42'),
(128, 'wipers check and change', '2050', '42'),
(129, 'aC', '950', '42'),
(130, 'air bag', '1250', '42'),
(131, 'engine oil', '1200', '43'),
(132, 'oil filter', '550', '43'),
(133, 'spark plugs', '520', '43'),
(134, 'engine', '8500', '43'),
(135, 'brake fluid', '450', '43'),
(136, 'power steering fluid', '950', '43'),
(137, 'fuil filter', '750', '43'),
(138, 'wheel alignment', '700', '43'),
(139, 'light check', '800', '43'),
(140, 'battery', '16000', '43'),
(141, 'wipers check and change', '2050', '43'),
(142, 'aC', '950', '43'),
(143, 'air bag', '1250', '43'),
(144, 'engine oil', '1300', '44'),
(145, 'oil filter', '650', '44'),
(146, 'spark plugs', '620', '44'),
(147, 'engine', '9500', '44'),
(148, 'brake fluid', '550', '44'),
(149, 'power steering fluid', '1050', '44'),
(150, 'fuil filter', '850', '44'),
(151, 'wheel alignment', '800', '44'),
(152, 'light check', '900', '44'),
(153, 'battery', '17000', '44'),
(154, 'wipers check and change', '2100', '44'),
(155, 'aC', '1050', '44'),
(156, 'air bag', '1350', '44'),
(157, 'engine oil', '1300', '45'),
(158, 'oil filter', '650', '45'),
(159, 'spark plugs', '620', '45'),
(160, 'engine', '9500', '45'),
(161, 'brake fluid', '550', '45'),
(162, 'power steering fluid', '1050', '45'),
(163, 'fuil filter', '850', '45'),
(164, 'wheel alignment', '800', '45'),
(165, 'light check', '900', '45'),
(166, 'battery', '17000', '45'),
(167, 'wipers check and change', '2100', '45'),
(168, 'aC', '1050', '45'),
(169, 'air bag', '1350', '45'),
(170, 'engine oil', '1300', '46'),
(171, 'oil filter', '650', '46'),
(172, 'spark plugs', '620', '46'),
(173, 'engine', '9500', '46'),
(174, 'brake fluid', '550', '46'),
(175, 'power steering fluid', '1050', '46'),
(176, 'fuil filter', '850', '46'),
(177, 'wheel alignment', '800', '46'),
(178, 'light check', '900', '46'),
(179, 'battery', '17000', '46'),
(180, 'wipers check and change', '2100', '46'),
(181, 'aC', '1050', '46'),
(182, 'air bag', '1350', '46'),
(183, 'engine oil', '1300', '47'),
(184, 'oil filter', '650', '47'),
(185, 'spark plugs', '620', '47'),
(186, 'engine', '9500', '47'),
(187, 'brake fluid', '550', '47'),
(188, 'power steering fluid', '1050', '47'),
(189, 'fuil filter', '850', '47'),
(190, 'wheel alignment', '800', '47'),
(191, 'light check', '900', '47'),
(192, 'battery', '17000', '47'),
(193, 'wipers check and change', '2100', '47'),
(194, 'aC', '1050', '47'),
(195, 'air bag', '1350', '47'),
(196, 'engine oil', '1350', '290'),
(197, 'oil filter', '700', '290'),
(198, 'spark plugs', '670', '290'),
(199, 'engine', '9550', '290'),
(200, 'brake fluid', '600', '290'),
(201, 'power steering fluid', '1100', '290'),
(202, 'fuil filter', '900', '290'),
(203, 'wheel alignment', '850', '290'),
(204, 'light check', '950', '290'),
(205, 'battery', '17500', '290'),
(206, 'wipers check and change', '2150', '290'),
(207, 'aC', '1100', '290'),
(208, 'air bag', '1400', '290'),
(209, 'engine oil', '1350', '291'),
(210, 'oil filter', '700', '291'),
(211, 'spark plugs', '670', '291'),
(212, 'engine', '9550', '291'),
(213, 'brake fluid', '600', '291'),
(214, 'power steering fluid', '1100', '291'),
(215, 'fuil filter', '900', '291'),
(216, 'wheel alignment', '850', '291'),
(217, 'light check', '950', '291'),
(218, 'battery', '17500', '291'),
(219, 'wipers check and change', '2150', '291'),
(220, 'aC', '1100', '291'),
(221, 'air bag', '1400', '291'),
(222, 'engine oil', '1350', '292'),
(223, 'oil filter', '700', '292'),
(224, 'spark plugs', '670', '292'),
(225, 'engine', '9550', '292'),
(226, 'brake fluid', '600', '292'),
(227, 'power steering fluid', '1100', '292'),
(228, 'fuil filter', '900', '292'),
(229, 'wheel alignment', '850', '292'),
(230, 'light check', '950', '292'),
(231, 'battery', '17500', '292'),
(232, 'wipers check and change', '2150', '292'),
(233, 'aC', '1100', '292'),
(234, 'air bag', '1400', '292'),
(235, 'engine oil', '1400', '48'),
(236, 'oil filter', '800', '48'),
(237, 'spark plugs', '700', '48'),
(238, 'engine', '9000', '48'),
(239, 'brake fluid', '700', '48'),
(240, 'power steering fluid', '1200', '48'),
(241, 'fuil filter', '800', '48'),
(242, 'wheel alignment', '950', '48'),
(243, 'light check', '850', '48'),
(244, 'battery', '17700', '48'),
(245, 'wipers check and change', '2200', '48'),
(246, 'aC', '1200', '48'),
(247, 'air bag', '1500', '48'),
(248, 'engine oil', '1400', '49'),
(249, 'oil filter', '800', '49'),
(250, 'spark plugs', '700', '49'),
(251, 'engine', '9000', '49'),
(252, 'brake fluid', '700', '49'),
(253, 'power steering fluid', '1200', '49'),
(254, 'fuil filter', '800', '49'),
(255, 'wheel alignment', '950', '49'),
(256, 'light check', '850', '49'),
(257, 'battery', '17700', '49'),
(258, 'wipers check and change', '2200', '49'),
(259, 'aC', '1200', '49'),
(260, 'air bag', '1500', '49'),
(261, 'engine oil', '1400', '50'),
(262, 'oil filter', '800', '50'),
(263, 'spark plugs', '700', '50'),
(264, 'engine', '9000', '50'),
(265, 'brake fluid', '700', '50'),
(266, 'power steering fluid', '1200', '50'),
(267, 'fuil filter', '800', '50'),
(268, 'wheel alignment', '950', '50'),
(269, 'light check', '850', '50'),
(270, 'battery', '17700', '50'),
(271, 'wipers check and change', '2200', '50'),
(272, 'aC', '1200', '50'),
(273, 'air bag', '1500', '50'),
(274, 'engine oil', '1400', '51'),
(275, 'oil filter', '800', '51'),
(276, 'spark plugs', '700', '51'),
(277, 'engine', '9000', '51'),
(278, 'brake fluid', '700', '51'),
(279, 'power steering fluid', '1200', '51'),
(280, 'fuil filter', '800', '51'),
(281, 'wheel alignment', '951', '51'),
(282, 'light check', '851', '51'),
(283, 'battery', '17700', '51'),
(284, 'wipers check and change', '2200', '51'),
(285, 'aC', '1200', '51'),
(286, 'air bag', '1510', '51'),
(287, 'engine oil', '1400', '52'),
(288, 'oil filter', '800', '52'),
(289, 'spark plugs', '700', '52'),
(290, 'engine', '9000', '52'),
(291, 'brake fluid', '700', '52'),
(292, 'power steering fluid', '1200', '52'),
(293, 'fuil filter', '800', '52'),
(294, 'wheel alignment', '952', '52'),
(295, 'light check', '852', '52'),
(296, 'battery', '17700', '52'),
(297, 'wipers check and change', '2200', '52'),
(298, 'aC', '1200', '52'),
(299, 'air bag', '1520', '52'),
(300, 'engine oil', '1400', '53'),
(301, 'oil filter', '800', '53'),
(302, 'spark plugs', '700', '53'),
(303, 'engine', '9000', '53'),
(304, 'brake fluid', '700', '53'),
(305, 'power steering fluid', '1200', '53'),
(306, 'fuil filter', '800', '53'),
(307, 'wheel alignment', '953', '53'),
(308, 'light check', '853', '53'),
(309, 'battery', '17700', '53'),
(310, 'wipers check and change', '2200', '53'),
(311, 'aC', '1200', '53'),
(312, 'air bag', '1530', '53'),
(313, 'engine oil', '1400', '177'),
(314, 'oil filter', '800', '177'),
(315, 'spark plugs', '700', '177'),
(316, 'engine', '9000', '177'),
(317, 'brake fluid', '700', '177'),
(318, 'power steering fluid', '1200', '177'),
(319, 'fuil filter', '800', '177'),
(320, 'wheel alignment', '9177', '177'),
(321, 'light check', '8177', '177'),
(322, 'battery', '17700', '177'),
(323, 'wipers check and change', '2200', '177'),
(324, 'aC', '1200', '177'),
(325, 'air bag', '11770', '177');

-- --------------------------------------------------------

--
-- Table structure for table `tbl_service_bill`
--

CREATE TABLE `tbl_service_bill` (
  `bill_id` int(5) NOT NULL,
  `registration_id` int(5) NOT NULL,
  `booking_id` int(5) NOT NULL,
  `date` date NOT NULL,
  `payment_type` varchar(100) NOT NULL,
  `amount` varchar(100) NOT NULL
) ENGINE=InnoDB DEFAULT CHARSET=latin1;

--
-- Dumping data for table `tbl_service_bill`
--

INSERT INTO `tbl_service_bill` (`bill_id`, `registration_id`, `booking_id`, `date`, `payment_type`, `amount`) VALUES
(1, 1, 1, '2018-04-20', 'Online Payment', '2950'),
(4, 13, 4, '2018-04-21', 'Cash On Delivery', '3800');

-- --------------------------------------------------------

--
-- Table structure for table `tbl_service_position`
--

CREATE TABLE `tbl_service_position` (
  `position_id` int(5) NOT NULL,
  `service_id` int(5) NOT NULL,
  `x_position` varchar(100) NOT NULL,
  `y_position` varchar(100) NOT NULL,
  `category_id` int(5) NOT NULL
) ENGINE=InnoDB DEFAULT CHARSET=latin1;

--
-- Dumping data for table `tbl_service_position`
--

INSERT INTO `tbl_service_position` (`position_id`, `service_id`, `x_position`, `y_position`, `category_id`) VALUES
(1, 8, '9.098970944309928', '74.51057720727948', 35),
(2, 9, '93.22990314769977', '51.6080733015243', 35),
(3, 11, '75.24600484261502', '35.75710847443314', 35),
(4, 12, '61.28765133171913', '27.24034961786936', 35),
(5, 6, '63.676755447941886', '36.63537558586328', 35),
(6, 13, '61.16271186440679', '38.982916015707474', 35),
(8, 1, '88.70326876513319', '53.372984841447455', 35),
(9, 2, '82.41537530266342', '53.07734661993835', 35),
(10, 3, '57.38886198547216', '63.941916142380606', 35),
(11, 4, '84.92941888619855', '47.20403665076215', 35),
(12, 5, '81.78547215496368', '87.4313727146054', 35),
(13, 7, '72.7320823244552', '58.068335937170126', 35),
(14, 10, '78.38995157384987', '52.19502596799392', 35),
(15, 34, '11.488135593220338', '80.08851919098088', 36),
(16, 37, '1.5531961259079905', '40.45245957015581', 36),
(17, 35, '3.6926392251815976', '51.903711523033394', 36),
(18, 30, '83.79818401937047', '53.372984841447455', 36),
(19, 31, '78.38995157384987', '81.84910695435545', 36),
(20, 32, '60.407990314769975', '43.97822910948781', 36),
(21, 38, '58.52203389830509', '38.691601570746954', 36),
(22, 39, '55.62966101694915', '32.81829160157075', 36),
(23, 36, '38.77699757869249', '64.52886880885023', 36),
(24, 33, '72.98365617433414', '61.885419921462656', 36),
(25, 29, '51.352663438256656', '79.79720474602036', 36),
(26, 27, '78.38995157384987', '51.02112063505468', 36),
(27, 28, '64.05508474576271', '61.298467254993035', 36),
(28, 47, '14.128813559322037', '83.31865050880377', 37),
(29, 48, '96.24709443099273', '84.78792382721784', 37),
(30, 44, '79.77469733656176', '90.66150403242833', 37),
(31, 43, '85.55932203389831', '54.83820461934721', 37),
(32, 50, '2.05636803874092', '41.039412236625424', 37),
(33, 45, '59.40169491525423', '44.26954355444833', 37),
(34, 42, '75.49769975786924', '63.64627792087151', 37),
(35, 40, '70.0912832929782', '64.23323058734113', 37),
(36, 41, '66.06585956416465', '67.75900012667314', 37),
(37, 46, '92.6', '72.74971920787061', 37),
(38, 49, '8.470944309927361', '61.885419921462656', 37),
(39, 51, '53.99346246973366', '36.34406114090275', 37),
(40, 52, '50.221428571428575', '32.52697715661023', 37),
(41, 53, '81.66065375302664', '39.40435430957351', 38),
(42, 54, '77.76198547215498', '39.40435430957351', 38),
(43, 55, '75.24600484261502', '58.674977631971366', 38),
(44, 56, '84.80460048426148', '52.15200034084614', 38),
(45, 57, '81.66065375302664', '83.5780154232883', 38),
(46, 58, '63.3003631961259', '33.771939840654426', 38),
(47, 59, '77.76198547215498', '54.819053299816794', 38),
(48, 60, '7.716174334140437', '82.68745260108217', 38),
(49, 61, '1.9315254237288135', '36.14504707937454', 38),
(50, 62, '9.98050847457627', '53.042290486131826', 38),
(51, 63, '72.60532687651332', '30.508269779728174', 38),
(52, 64, '59.02324455205812', '22.20858421030207', 38),
(53, 65, '55.12651331719128', '27.841216820757534', 38),
(54, 66, '76.75556900726392', '53.042290486131826', 39),
(55, 67, '79.77469733656176', '50.07692897618338', 39),
(56, 68, '72.98365617433414', '66.38219078863278', 39),
(57, 69, '83.29503631961259', '42.369715819521964', 39),
(58, 70, '82.54019370460048', '84.17026969451665', 39),
(59, 71, '62.04237288135593', '31.104614204763323', 39),
(60, 72, '76.63075060532688', '44.14620595628649', 39),
(61, 73, '10.105326876513317', '79.42814537088321', 39),
(62, 74, '0.045544794188861815', '39.40435430957351', 39),
(63, 75, '71.34733656174335', '48.00213028844105', 39),
(64, 76, '78.51670702179177', '34.95617570619062', 39),
(65, 77, '58.39527845036319', '24.28349196881258', 39),
(66, 78, '58.018886198547214', '33.771939840654426', 39),
(67, 79, '51.98256658595641', '42.30988100945822', 40),
(68, 80, '47.20242130750606', '42.91576515712853', 40),
(69, 81, '27.586077481840192', '35.62367606677418', 40),
(70, 82, '20.668280871670703', '39.57252320969359', 40),
(71, 83, '88.07336561743341', '66.00770605413416', 40),
(72, 84, '39.40690072639225', '28.937471124090138', 40),
(73, 85, '16.896368038740917', '38.356570631565184', 40),
(74, 86, '43.557142857142864', '65.40182190646385', 40),
(75, 87, '28.842130750605328', '56.28789609031077', 40),
(76, 88, '21.674576271186442', '35.01779191910387', 40),
(77, 89, '33.87384987893462', '30.15370265440439', 40),
(78, 90, '46.44951573849878', '15.874726060236238', 40),
(79, 91, '36.387893462469734', '22.556495663165233', 40),
(80, 92, '78.7682808716707', '52.19502596799392', 41),
(81, 93, '76.37917675544794', '53.664299286407974', 41),
(82, 94, '71.59903147699757', '67.75900012667314', 41),
(83, 95, '82.66694915254239', '51.6080733015243', 41),
(84, 96, '77.76198547215498', '84.49228560570874', 41),
(85, 97, '60.78438256658596', '42.800000000000004', 41),
(86, 98, '77.00714285714287', '49.555900857154924', 41),
(87, 99, '14.003995157384988', '79.79720474602036', 41),
(88, 100, '93.10314769975787', '69.51958789004772', 41),
(89, 101, '86.43898305084744', '67.75900012667314', 41),
(90, 102, '3.062723970944309', '42.800000000000004', 41),
(91, 103, '59.40169491525423', '40.16114512519528', 41),
(92, 104, '57.64055690072639', '35.75710847443314', 41),
(93, 118, '9.853753026634381', '51.62961565668474', 42),
(94, 119, '8.219358353510895', '62.69158891097112', 42),
(95, 120, '12.242857142857144', '45.63706672954491', 42),
(96, 121, '92.22360774818402', '59.23558459931958', 42),
(97, 122, '88.07336561743341', '78.36185535756391', 42),
(98, 123, '33.62227602905569', '32.04178259844377', 42),
(99, 124, '87.57009685230025', '53.475433691514795', 42),
(100, 125, '6.458232445520581', '85.0449152827837', 42),
(101, 126, '4.57226392251816', '51.16805335668811', 42),
(102, 127, '91.59552058111382', '44.71739145080338', 42),
(103, 128, '17.77590799031477', '32.73229359652373', 42),
(104, 129, '33.87384987893462', '27.66286926937717', 42),
(105, 130, '35.75980629539952', '22.593229359652376', 42),
(106, 131, '78.26513317191284', '39.312742541436464', 43),
(107, 132, '75.12118644067796', '39.92714254143646', 43),
(108, 133, '87.57009685230025', '51.03414806629835', 43),
(109, 134, '83.29503631961259', '51.95801104972376', 43),
(110, 135, '78.26513317191284', '82.4995182320442', 43),
(111, 136, '58.646852300242124', '34.37576132596685', 43),
(112, 137, '74.36646489104116', '52.88611712707183', 43),
(113, 138, '9.477239709443097', '75.40563093922653', 43),
(114, 139, '91.72046004842613', '63.37447955801106', 43),
(115, 140, '4.57226392251816', '49.491641988950285', 43),
(116, 141, '2.434697336561743', '31.29074917127072', 43),
(117, 142, '57.76731234866828', '28.824380110497238', 43),
(118, 143, '55.50290556900727', '29.747960220994475', 43),
(119, 144, '79.89951573849879', '47.87569881109644', 44),
(120, 145, '77.13389830508474', '47.87569881109644', 44),
(121, 146, '70.59455205811138', '58.370007926023774', 44),
(122, 147, '85.30774818401936', '47.87569881109644', 44),
(123, 148, '77.38365617433415', '84.22972787318362', 44),
(124, 151, '16.896368038740917', '89.4768824306473', 44),
(125, 149, '60.53280871670701', '35.88123645970938', 44),
(126, 150, '62.167191283292965', '57.99463143989433', 44),
(127, 152, '95.99552058111381', '62.86640951122854', 44),
(128, 153, '8.219358353510895', '67.73852575957727', 44),
(129, 154, '1.3015980629539952', '43.754335535006604', 44),
(130, 155, '60.659564164648906', '29.883734742404222', 44),
(131, 156, '55.754479418886206', '25.011889035667107', 44);

-- --------------------------------------------------------

--
-- Table structure for table `tbl_tag`
--

CREATE TABLE `tbl_tag` (
  `tag_id` int(5) NOT NULL,
  `car_id` int(5) NOT NULL,
  `tag` varchar(100) NOT NULL
) ENGINE=InnoDB DEFAULT CHARSET=latin1;

--
-- Dumping data for table `tbl_tag`
--

INSERT INTO `tbl_tag` (`tag_id`, `car_id`, `tag`) VALUES
(1, 1, 'bmw,m3,sport'),
(2, 2, 'suzuki,alto,lxi,std'),
(3, 3, 'audi,tt,sport'),
(4, 4, 'Audi,Q5,Sport'),
(5, 5, 'audi,a3,sport,convertible'),
(6, 6, 'swift,VDi'),
(7, 7, 'BMW,6 series,sport'),
(8, 8, 'nissan,V6,coupe,gT R'),
(9, 9, 'lamborghini,urus'),
(10, 10, 'Hyundai,i20,Elite,magna,sportz,asta'),
(12, 12, 'mercedes,E220,E200,E350'),
(13, 13, 'ford,mustang,sport'),
(14, 14, 'volvo,R-design,60,90,40'),
(15, 15, 'mercedes,benz C class,convertible'),
(16, 16, 'Hyundai,grand,magna'),
(17, 17, 'Audi,a3,a4,a5,a6,a8'),
(18, 18, 'rolls royce,wraith'),
(19, 19, 'BMW,prestige,design'),
(20, 20, 'jaguar,Ftype,convertible'),
(21, 21, 'Tata nexon,XE,XM,XZ'),
(22, 22, 'Tata nexon,XE,XM,XZ'),
(23, 23, 'honda city,sv,s,zx'),
(24, 24, 'Audi v10,R8'),
(25, 25, 'audi Q5,Q7,Q3,sport'),
(26, 26, 'ford ,eco sport,Ambiente'),
(27, 27, 'honda city,sv,s,zx'),
(28, 28, 'Audi,TFSIQ,s5,sport'),
(29, 29, 'tata bolt XE revotron,XM,XE'),
(30, 30, 'mahindra E20plus p4,p6'),
(31, 31, 'skoda rapid,tdi'),
(32, 32, 'Hyundai,grand,magna'),
(33, 33, 'volkswagen polo GTI,tredline,confortline'),
(34, 34, 'skoda superb,tsi,tdi'),
(35, 35, 'renault duster,STD,RXS,RXE,RXZ'),
(36, 36, 'D2,D4,D6'),
(37, 37, 'xE,XT,XM,XMA,XTA'),
(38, 38, 'era,sportz,magna,asta'),
(39, 39, 'TSI,TDI'),
(40, 40, 'AUDI,TFSI,TDI'),
(41, 41, 'AUDI,TFSI,TDI,Q7,Q5,Q3'),
(42, 42, 'honda city,sv,v,vx'),
(43, 43, 'BMW M3,M5'),
(44, 44, 'HONDA CITY,SVMT,V MT ,Z MT'),
(45, 45, 'swift,LDI,VDI,ZDI,LXI,ZXI,AMT'),
(46, 46, 'i20 sportz,era,asta'),
(47, 47, 'bmw gran turismo,m sport'),
(48, 48, 'audi TT,R8'),
(49, 49, 'audi TT,R8'),
(50, 50, 'jaguar,Ftype,convertible,R,SVR'),
(51, 51, 'volkswagen polo GTI,tredline,confortline'),
(52, 52, 'skoda rapid active,style'),
(53, 53, 'c-class,E-class,slc,s-class'),
(54, 54, 'ford endeavour at titanium,trend'),
(55, 55, 'volvo,v40,d3 kinetic,hatchback'),
(56, 56, 'V MT,S MT,'),
(57, 57, 'active,dynamic'),
(58, 58, 'honda brio ,EMT,SMT'),
(59, 59, 'lamborghini,urus,sport'),
(60, 60, 'alto,k10,lxi,cng,sport'),
(61, 61, 'alto,k10,lxi,cng,sport'),
(62, 60, 'honda brio ,EMT,SMT'),
(64, 62, 'honda brio ,EMT,SMT'),
(65, 63, 'swift,Vdi'),
(66, 64, 'swift,VDi,DZire,ZDi'),
(68, 66, 'i20 sportz,era,asta'),
(69, 67, 'Hyundai,grand,magna'),
(70, 68, 'audi Q5,Q7,Q3,sport'),
(71, 69, 'audi Q5,Q7,Q3,sport'),
(72, 70, 'skoda superb,tsi,tdi'),
(73, 71, 'honda city,sv,s,zx');

-- --------------------------------------------------------

--
-- Table structure for table `tbl_test_drive`
--

CREATE TABLE `tbl_test_drive` (
  `test_drive_id` int(5) NOT NULL,
  `register_id` int(5) NOT NULL,
  `carmela_id` int(5) NOT NULL,
  `car_id` int(5) NOT NULL,
  `date` date NOT NULL,
  `time` time NOT NULL,
  `licence_image` varchar(100) NOT NULL,
  `status` int(5) NOT NULL
) ENGINE=InnoDB DEFAULT CHARSET=latin1;

--
-- Dumping data for table `tbl_test_drive`
--

INSERT INTO `tbl_test_drive` (`test_drive_id`, `register_id`, `carmela_id`, `car_id`, `date`, `time`, `licence_image`, `status`) VALUES
(1, 13, 14, 71, '2018-04-27', '06:30:00', 'visitor/images/license/license_014.jpg', 2);

-- --------------------------------------------------------

--
-- Table structure for table `tbl_user_service`
--

CREATE TABLE `tbl_user_service` (
  `user_service_id` int(5) NOT NULL,
  `booking_id` int(5) NOT NULL,
  `position_id` int(5) NOT NULL,
  `status` int(5) NOT NULL
) ENGINE=InnoDB DEFAULT CHARSET=latin1;

--
-- Dumping data for table `tbl_user_service`
--

INSERT INTO `tbl_user_service` (`user_service_id`, `booking_id`, `position_id`, `status`) VALUES
(1, 1, 1, 2),
(2, 1, 2, 2),
(3, 1, 3, 2),
(8, 4, 1, 2),
(9, 4, 2, 2),
(10, 4, 3, 2);

-- --------------------------------------------------------

--
-- Table structure for table `tbl_wishlist`
--

CREATE TABLE `tbl_wishlist` (
  `wish_id` int(5) NOT NULL,
  `register_id` int(5) NOT NULL,
  `car_id` int(5) NOT NULL
) ENGINE=InnoDB DEFAULT CHARSET=latin1;

--
-- Dumping data for table `tbl_wishlist`
--

INSERT INTO `tbl_wishlist` (`wish_id`, `register_id`, `car_id`) VALUES
(1, 1, 71),
(2, 1, 70);

--
-- Indexes for dumped tables
--

--
-- Indexes for table `tbl_admin_login`
--
ALTER TABLE `tbl_admin_login`
  ADD PRIMARY KEY (`admin_id`);

--
-- Indexes for table `tbl_attribute`
--
ALTER TABLE `tbl_attribute`
  ADD PRIMARY KEY (`attribute_id`);

--
-- Indexes for table `tbl_attribute_set`
--
ALTER TABLE `tbl_attribute_set`
  ADD PRIMARY KEY (`set_id`);

--
-- Indexes for table `tbl_attribute_value`
--
ALTER TABLE `tbl_attribute_value`
  ADD PRIMARY KEY (`value_id`);

--
-- Indexes for table `tbl_banner`
--
ALTER TABLE `tbl_banner`
  ADD PRIMARY KEY (`banner_id`);

--
-- Indexes for table `tbl_booking`
--
ALTER TABLE `tbl_booking`
  ADD PRIMARY KEY (`booking_id`);

--
-- Indexes for table `tbl_carmela`
--
ALTER TABLE `tbl_carmela`
  ADD PRIMARY KEY (`carmela_id`);

--
-- Indexes for table `tbl_carmela_gallery`
--
ALTER TABLE `tbl_carmela_gallery`
  ADD PRIMARY KEY (`gallery_id`);

--
-- Indexes for table `tbl_carmela_review`
--
ALTER TABLE `tbl_carmela_review`
  ADD PRIMARY KEY (`review_id`);

--
-- Indexes for table `tbl_car_detail`
--
ALTER TABLE `tbl_car_detail`
  ADD PRIMARY KEY (`car_id`);

--
-- Indexes for table `tbl_car_image`
--
ALTER TABLE `tbl_car_image`
  ADD PRIMARY KEY (`image_id`);

--
-- Indexes for table `tbl_car_review`
--
ALTER TABLE `tbl_car_review`
  ADD PRIMARY KEY (`review_id`);

--
-- Indexes for table `tbl_category`
--
ALTER TABLE `tbl_category`
  ADD PRIMARY KEY (`category_id`);

--
-- Indexes for table `tbl_chat`
--
ALTER TABLE `tbl_chat`
  ADD PRIMARY KEY (`chat_id`);

--
-- Indexes for table `tbl_contact_us`
--
ALTER TABLE `tbl_contact_us`
  ADD PRIMARY KEY (`contact_id`);

--
-- Indexes for table `tbl_email_subscriber`
--
ALTER TABLE `tbl_email_subscriber`
  ADD PRIMARY KEY (`email_id`);

--
-- Indexes for table `tbl_feedback`
--
ALTER TABLE `tbl_feedback`
  ADD PRIMARY KEY (`feedback_id`);

--
-- Indexes for table `tbl_follow`
--
ALTER TABLE `tbl_follow`
  ADD PRIMARY KEY (`follow_id`);

--
-- Indexes for table `tbl_like`
--
ALTER TABLE `tbl_like`
  ADD PRIMARY KEY (`like_id`);

--
-- Indexes for table `tbl_location`
--
ALTER TABLE `tbl_location`
  ADD PRIMARY KEY (`location_id`);

--
-- Indexes for table `tbl_offer`
--
ALTER TABLE `tbl_offer`
  ADD PRIMARY KEY (`offer_id`);

--
-- Indexes for table `tbl_rating`
--
ALTER TABLE `tbl_rating`
  ADD PRIMARY KEY (`rating_id`);

--
-- Indexes for table `tbl_recent_view`
--
ALTER TABLE `tbl_recent_view`
  ADD PRIMARY KEY (`view_id`);

--
-- Indexes for table `tbl_registration`
--
ALTER TABLE `tbl_registration`
  ADD PRIMARY KEY (`registration_id`);

--
-- Indexes for table `tbl_service`
--
ALTER TABLE `tbl_service`
  ADD PRIMARY KEY (`service_id`);

--
-- Indexes for table `tbl_service_bill`
--
ALTER TABLE `tbl_service_bill`
  ADD PRIMARY KEY (`bill_id`);

--
-- Indexes for table `tbl_service_position`
--
ALTER TABLE `tbl_service_position`
  ADD PRIMARY KEY (`position_id`);

--
-- Indexes for table `tbl_tag`
--
ALTER TABLE `tbl_tag`
  ADD PRIMARY KEY (`tag_id`);

--
-- Indexes for table `tbl_test_drive`
--
ALTER TABLE `tbl_test_drive`
  ADD PRIMARY KEY (`test_drive_id`);

--
-- Indexes for table `tbl_user_service`
--
ALTER TABLE `tbl_user_service`
  ADD PRIMARY KEY (`user_service_id`);

--
-- Indexes for table `tbl_wishlist`
--
ALTER TABLE `tbl_wishlist`
  ADD PRIMARY KEY (`wish_id`);

--
-- AUTO_INCREMENT for dumped tables
--

--
-- AUTO_INCREMENT for table `tbl_admin_login`
--
ALTER TABLE `tbl_admin_login`
  MODIFY `admin_id` int(5) NOT NULL AUTO_INCREMENT, AUTO_INCREMENT=2;
--
-- AUTO_INCREMENT for table `tbl_attribute`
--
ALTER TABLE `tbl_attribute`
  MODIFY `attribute_id` int(5) NOT NULL AUTO_INCREMENT, AUTO_INCREMENT=1251;
--
-- AUTO_INCREMENT for table `tbl_attribute_set`
--
ALTER TABLE `tbl_attribute_set`
  MODIFY `set_id` int(5) NOT NULL AUTO_INCREMENT, AUTO_INCREMENT=269;
--
-- AUTO_INCREMENT for table `tbl_attribute_value`
--
ALTER TABLE `tbl_attribute_value`
  MODIFY `value_id` int(5) NOT NULL AUTO_INCREMENT, AUTO_INCREMENT=1379;
--
-- AUTO_INCREMENT for table `tbl_banner`
--
ALTER TABLE `tbl_banner`
  MODIFY `banner_id` int(5) NOT NULL AUTO_INCREMENT, AUTO_INCREMENT=11;
--
-- AUTO_INCREMENT for table `tbl_booking`
--
ALTER TABLE `tbl_booking`
  MODIFY `booking_id` int(5) NOT NULL AUTO_INCREMENT, AUTO_INCREMENT=5;
--
-- AUTO_INCREMENT for table `tbl_carmela`
--
ALTER TABLE `tbl_carmela`
  MODIFY `carmela_id` int(5) NOT NULL AUTO_INCREMENT, AUTO_INCREMENT=30;
--
-- AUTO_INCREMENT for table `tbl_carmela_gallery`
--
ALTER TABLE `tbl_carmela_gallery`
  MODIFY `gallery_id` int(5) NOT NULL AUTO_INCREMENT, AUTO_INCREMENT=73;
--
-- AUTO_INCREMENT for table `tbl_carmela_review`
--
ALTER TABLE `tbl_carmela_review`
  MODIFY `review_id` int(5) NOT NULL AUTO_INCREMENT, AUTO_INCREMENT=35;
--
-- AUTO_INCREMENT for table `tbl_car_detail`
--
ALTER TABLE `tbl_car_detail`
  MODIFY `car_id` int(5) NOT NULL AUTO_INCREMENT, AUTO_INCREMENT=72;
--
-- AUTO_INCREMENT for table `tbl_car_image`
--
ALTER TABLE `tbl_car_image`
  MODIFY `image_id` int(5) NOT NULL AUTO_INCREMENT, AUTO_INCREMENT=209;
--
-- AUTO_INCREMENT for table `tbl_car_review`
--
ALTER TABLE `tbl_car_review`
  MODIFY `review_id` int(5) NOT NULL AUTO_INCREMENT, AUTO_INCREMENT=80;
--
-- AUTO_INCREMENT for table `tbl_category`
--
ALTER TABLE `tbl_category`
  MODIFY `category_id` int(5) NOT NULL AUTO_INCREMENT, AUTO_INCREMENT=313;
--
-- AUTO_INCREMENT for table `tbl_chat`
--
ALTER TABLE `tbl_chat`
  MODIFY `chat_id` int(5) NOT NULL AUTO_INCREMENT, AUTO_INCREMENT=2;
--
-- AUTO_INCREMENT for table `tbl_contact_us`
--
ALTER TABLE `tbl_contact_us`
  MODIFY `contact_id` int(5) NOT NULL AUTO_INCREMENT, AUTO_INCREMENT=35;
--
-- AUTO_INCREMENT for table `tbl_email_subscriber`
--
ALTER TABLE `tbl_email_subscriber`
  MODIFY `email_id` int(5) NOT NULL AUTO_INCREMENT, AUTO_INCREMENT=4;
--
-- AUTO_INCREMENT for table `tbl_feedback`
--
ALTER TABLE `tbl_feedback`
  MODIFY `feedback_id` int(5) NOT NULL AUTO_INCREMENT, AUTO_INCREMENT=37;
--
-- AUTO_INCREMENT for table `tbl_follow`
--
ALTER TABLE `tbl_follow`
  MODIFY `follow_id` int(5) NOT NULL AUTO_INCREMENT, AUTO_INCREMENT=2;
--
-- AUTO_INCREMENT for table `tbl_like`
--
ALTER TABLE `tbl_like`
  MODIFY `like_id` int(5) NOT NULL AUTO_INCREMENT;
--
-- AUTO_INCREMENT for table `tbl_location`
--
ALTER TABLE `tbl_location`
  MODIFY `location_id` int(5) NOT NULL AUTO_INCREMENT, AUTO_INCREMENT=515;
--
-- AUTO_INCREMENT for table `tbl_offer`
--
ALTER TABLE `tbl_offer`
  MODIFY `offer_id` int(5) NOT NULL AUTO_INCREMENT;
--
-- AUTO_INCREMENT for table `tbl_rating`
--
ALTER TABLE `tbl_rating`
  MODIFY `rating_id` int(5) NOT NULL AUTO_INCREMENT, AUTO_INCREMENT=69;
--
-- AUTO_INCREMENT for table `tbl_recent_view`
--
ALTER TABLE `tbl_recent_view`
  MODIFY `view_id` int(5) NOT NULL AUTO_INCREMENT, AUTO_INCREMENT=90;
--
-- AUTO_INCREMENT for table `tbl_registration`
--
ALTER TABLE `tbl_registration`
  MODIFY `registration_id` int(5) NOT NULL AUTO_INCREMENT, AUTO_INCREMENT=15;
--
-- AUTO_INCREMENT for table `tbl_service`
--
ALTER TABLE `tbl_service`
  MODIFY `service_id` int(11) NOT NULL AUTO_INCREMENT, AUTO_INCREMENT=326;
--
-- AUTO_INCREMENT for table `tbl_service_bill`
--
ALTER TABLE `tbl_service_bill`
  MODIFY `bill_id` int(5) NOT NULL AUTO_INCREMENT, AUTO_INCREMENT=5;
--
-- AUTO_INCREMENT for table `tbl_service_position`
--
ALTER TABLE `tbl_service_position`
  MODIFY `position_id` int(5) NOT NULL AUTO_INCREMENT, AUTO_INCREMENT=132;
--
-- AUTO_INCREMENT for table `tbl_tag`
--
ALTER TABLE `tbl_tag`
  MODIFY `tag_id` int(5) NOT NULL AUTO_INCREMENT, AUTO_INCREMENT=74;
--
-- AUTO_INCREMENT for table `tbl_test_drive`
--
ALTER TABLE `tbl_test_drive`
  MODIFY `test_drive_id` int(5) NOT NULL AUTO_INCREMENT, AUTO_INCREMENT=2;
--
-- AUTO_INCREMENT for table `tbl_user_service`
--
ALTER TABLE `tbl_user_service`
  MODIFY `user_service_id` int(5) NOT NULL AUTO_INCREMENT, AUTO_INCREMENT=11;
--
-- AUTO_INCREMENT for table `tbl_wishlist`
--
ALTER TABLE `tbl_wishlist`
  MODIFY `wish_id` int(5) NOT NULL AUTO_INCREMENT, AUTO_INCREMENT=3;COMMIT;

/*!40101 SET CHARACTER_SET_CLIENT=@OLD_CHARACTER_SET_CLIENT */;
/*!40101 SET CHARACTER_SET_RESULTS=@OLD_CHARACTER_SET_RESULTS */;
/*!40101 SET COLLATION_CONNECTION=@OLD_COLLATION_CONNECTION */;
